,category,contetns,date,image_url,news_url,title
0,100,"국민의힘 윤석열 대선 후보가 총괄 선대위 위원장으로 유력시되는 김종인 전 비상대책위원장을 만납니다. 윤 후보는 오늘(15일) 오전 당 최고위에 참석한 뒤, 서울 그랜드 하얏트 호텔에서 열리는 김 전 위원장의 출판 기념회에 참석합니다. 김 전 위원장과 대화를 나누는 과정에서, 오는 20일쯤 발족 예정인 선대위의 밑그림이 드러날 가능성도 있습니다. 윤 후보는 이어 오늘 오후 국민의힘 당사에서 이철희 청와대 정무수석을 만나, 문재인 대통령이 보내는 축하 메시지와 난을 전달받을 예정입니다. ",5분전,https://search.naver.com/search.naver?where=image&sm=tab_jum&query=naver#,https://news.naver.com/main/read.naver?mode=LSD&mid=sec&sid1=100&oid=056&aid=0011156534," 윤석열 후보, 김종인 출판기념회 참석…선대위 구상 드러나나"
1,100,"문재인 대통령은 오늘(15일) 국민의힘 윤석열 대선 후보에게 후보 선출을 축하하는 뜻을 담은 난을 보낼 예정입니다. 앞서 청와대는 이철희 청와대 정무수석이 오늘(15일) 오후 2시 윤 후보를 예방해 문 대통령의 축하난을 전달할 것이라고 밝힌 바 있습니다. 문 대통령은 이 수석을 통해 대선 후보로 선출된 것을 축하하는 간단한 메시지도 함께 전할 것으로 보입니다. 앞서 이 수석은 지난 8일 윤 후보를 예방해 문 대통령의 축하 메시지를 전달하려다가 예방 직전 윤 후보 일정 문제로 취소한 바 있습니다. 이 수석은 윤 후보 예방에 이어 오후 3시에는 안철수 국민의당 대선후보, 오후 4시에는 제3지대 대선 후보인 김동연 전 경제부총리에게도 문 대통령의 축하난을 전달할 계획입니다. 또 내일(16일) 오후 4시에는 정의당 심상정 대선후보를 예방해 역시 축하난을 전달할 예정입니다. ",5분전,https://search.naver.com/search.naver?where=image&sm=tab_jum&query=naver#,https://news.naver.com/main/read.naver?mode=LSD&mid=sec&sid1=100&oid=056&aid=0011156533," 문 대통령, 오늘 윤석열 후보 등에게 축하난 전달"
2,100,"[서울=뉴시스] 한주홍 기자 = 전국 팔도를 훑는 8주간의 민생 대장정에 돌입한 이재명 더불어민주당 대선 후보가 첫 행선지인 부산·울산·경남(PK) 일정을 마무리했다. 지난 12일 울산을 시작으로 이 후보는 14일까지 사흘간 울산, 부산, 창원, 거제, 사천, 거창 등 경남 지역 도시를 '매타버스(매주 타는 민생 버스)'로 찾는 강행군을 펼쳤다. 사흘간 일정에서 이 후보는 특히 부산·경남 지역 청년 표심 구애에 공을 들였다. 첫 날인 12일 울산을 찾은 이 후보는 울산광역시의회에서 청년들과 만나 젠더 갈등, 청년 세대의 경쟁에 대한 자신의 생각을 내놨다. 이 후보는 ""결국 구조 때문에 그 안에서 경쟁하다 보니 서로 적대화되는 건 참 안타까운 일""이라며 ""가능하면 웅덩이를 넓히는, 밀어내지 않으면서도 같이 사는 공간을 만드는 건 결국 국가와 기성세대들의 책임""이라고 밝혔다. PK 일정 둘째날인 13일에는 부산을 방문해 청년들과 '국민반상회'를 열고, 스타트업·소셜벤처 기업인을 만나는 일정을 소화했다. 오픈 스튜디오로 꾸려진 버스에서 지역 청년 4명과 만난 이 후보는 여성할당제 논란과 관련해 ""성 할당제는 특정 성이 30% 이하로 내려가지 않게 하자는 것이다. 그래서 누가 혜택을 보냐면 공무원 시험에서 남성이 혜택을 본다""며 ""이게 현실인데도 피해 본다고 생각하는 사람이 많고, 이걸 아예 없애버리겠다고 하면 막 박수친다""고 꼬집기도 했다. 이어 부산 영도의 한 복합문화공간에서 부산 지역 스타트업·소셜벤처 기업인을 만난 이 후보는 이어 ""부산 재미없다, 솔직히. 재미있는데 강남같지 않은 측면이 있다. 젊은이들은 같은 조건이면 서울로 가고 싶다""며 ""그보다 나은 환경을 만들려면 부산의 매력을 계속 키워야 한다. 과거에 부산의 고갯길이 고통이었지만 지금은 매력이지 않나""라고 말했다. 이후 창원으로 넘어간 이 후보는 마산 어시장에서 시민들과 주먹인사를 나누며 바닥 민심 훑기에 나섰다. 지지자와 시민들은 ""이재명은 합니다"" ""이재명 대통령""을 계속해서 연호했고, 이 후보는 차를 타고 시장을 빠져나가면서 창문 밖으로 양쪽 엄지를 치켜세워 보이며 화답하기도 했다. 거제 옥계해수욕장을 찾은 이 후보는 예비부부를 만나 요즘 젊은 세대에 인기가 있는 캠핑을 함께 하며 '명심캠프' 토크쇼를 가졌다. 이 자리에서 이 후보는 최근 낙상사고를 당해 이 자리에 참석하지 못한 아내 김혜경 씨와 즉석에서 깜짝 통화도 했다. 마지막날인 15일에는 매각 문제로 갈등을 빚고 있는 대우조선해양 거제 대우조선소를 찾아 노사 양측과 각각 간담회를 갖고 의견을 청취했다. 이 후보는 고용 안전이나 지역 경제 타격 등 노조와 시민들의 우려를 전달하며 사측의 보완책을 요구했다. 그는 ""서로 이해하고, 역할을 분담하면서 공존이 발생하고 거제도 살고 울산도 살고 대한민국도 살고, 조선산업도 사는 방법을 어렵긴 하지만 찾을 수 있을 것""이라고 강조했다. 곧바로 사천으로 넘어가 한국항공우주산업(KAI)을 찾은 이 후보는 항공우주산업 투자의 중요성을 강조하며 경남 지역을 항공우주산업 메카로 만들겠다는 공약도 강조했다. KAI의 청년 연구원들을 만나 'MㅏZㅏ요(마자요) 토크쇼'도 진행했다. PK 투어 마지막 일정으로 거창을 찾은 이 후보는 공공의료 중요성을 강조하기 위해 거창적십자병원을 찾았다. 이 후보는 ""공공의료운동을 하다 '도저히 밖에서는 안 되겠다'고 생각해 제 손으로 시립의료원을 만들려고 정치를 시작했다""며 ""14년 만에 시립의료원을 완공해 코로나 사태에서 성남의료원이 매우 큰 역할을 하고 있어 매우 자랑스럽다""고 밝혔다. 이어 ""코로나 사태에서도 보이지만 의료 영역의 공공의료가 매우 부족하고, 비중이 매우 낮고, 일상적으로 공공의료에 대한 국가공동체의 투자가 매우 적다는 것이 드러나고 있다""며 ""공공의료에 대한 대규모 투자가 필요하다""고 강조했다. 이 후보는 이날 KAI 방문 후 기자들과 만나 청년 위주 일정을 소화한 것과 관련해 ""지방의 소외가 생각보다 심각하다는 생각이 든다""며 ""수도권 집중에 따른 피해가 큰데 최근 코로나에 따른 피해까지 겹치고, 그 중에서도 특히 청년 세대들은 지방에서 기회를 갖기 어렵다고 판단해 수도권으로 몰리고 수도권에서도 행복할 수 없는 악순환이 반복된다""고 지적했다. 이어 ""청년문제뿐 아니라 국가 균형발전 문제도 중요하다""며 ""지방 소도시 위축, 지방 도시 소멸 문제에 대해서 더 많은 관심을 기울이겠다""고 밝혔다. ",6분전,https://imgnews.pstatic.net/image/origin/003/2021/11/15/10831584.jpg?type=ofullfill106_72,https://news.naver.com/main/read.naver?mode=LSD&mid=sec&sid1=100&oid=003&aid=0010831584,"이재명, PK 민심잡기 광폭행보…MZ 만나고 캠핑까지(종합)"
3,100,"[데일리안 = 이슬기 기자] 윤석열 국민의힘 대선 후보가 14일 한국시리즈 1차전을 직관했다. 시민들과 직접 소통에 나서는 한편 코로나로 어려움을 겪은 프로 야구를 응원한다는 취지다. 윤 후보는 파란색 국가대표 야구팀 점퍼에 한국 시리즈 모자를 착용하고 경기 시작 15분 전 경기장에 도착했다. 그는 이날 복장에 대해 ""나에게 맞는 옷이 잘 없는데 (당에서) 잘 고른 모양""이라고 했다. 윤 후보는 야구팬들과 나란히 줄을 서 20여 분 만에 경기장에 들어섰다. 이날 경기장에는 최다 수용인원인 1만6,300석이 매진될 정도로 많은 인파가 몰렸다. 그는 '야구장에 1만 명이 넘는 인파가 몰렸는데, 집회는 제약한다고 한다. '위드 코로나'를 어떻게 평가하느냐'는 질문에 ""제가 (방역 지침이) 과학적이지 못하다고 그러지 않았나""라고 반문했다. 자신이 이날 한국시리즈 1차전을 직관한게 된 것에 대해서는 ""이제 위드 코로나로 야구 경기 관람이 가능하다고 해서 (경기를) 보고 싶다고 했더니 캠프에서 일정을 잡았다""며 ""날씨 좋은 가을에 그동안 코로나로 찌들었던 국민과 함께 야구 경기를 보게 돼 아주 기분이 좋다""고 소감을 전했다. 윤 후보는 홈팀인 KT 1루 쪽 응원석에 앉았다. 그는 두산 팬으로 알려졌으나, 취소표를 예매하면서 KT 응원석에 앉게 된 것으로 보인다. 경기 시작 전에는 일부 야구팬들의 사인 요청과 기념사진 촬영에도 응하기도 했다. 젊은 세대들 사이에서 인기가 높은 프로야구를 직관하며, 2030 세대와의 공감대를 넓히려는 것으로 보인다. 캠프 관계자는 ""시민들과 격의 없는 스킨십을 하는 동시에, 코로나로 위축된 프로야구를 응원하는 의미""라고 설명했다. 야구 명문 서울 충암고 출신인 윤 후보는 어린 시절부터 '야구광'이었던 것으로 전해진다. 그는 지난 9월 8일 충암고를 방문해청룡기 전국고교야구선수권 대회에서 우승한 야구부 선수들을 격려하기도 했다. 그는 이날 ""초등학교 시절부터 학교에 가면 의자 엉덩이 밑에 야구 글러브를 깔고 앉아 수업을 들을 정도로 야구광이었다""고 전했다. '어느 팀을 응원하느냐'는 질문에는 ""대전에 근무할 때는 한화, 대구에 근무할 때는 삼성, 광주에 근무할 때는 해태와 기아""라며 ""지방 근무할 때 그렇게 많이 다녔다""고 했다. 그러나 관중석에 앉아 경기를 지켜보는 모습에서는 두산을 향한 애정이 여실이 드러났다는 평가가 나왔다. 윤 후보는 4회 초 두산의 김재환 선수가 2루타를 치자 KT의 안타 때와는 다르게 환하게 웃으며 박수를 쳤다. 5회 말까지 경기를 지켜보다 15시 30분께 야구장을 나선 윤 후보는 '누가 봐도 두산팬인 걸 감추지 못한 것 같다'는 취재진의 질문에 ""안타 칠 때 똑같이 박수를 쳤다""고 답했다. 캠프 관계자는 ""앞으로도 프로 스포츠나 문화 행사 활성화에 지속적인 관심을 기울일 것""이라고 전했다. ",9분전,https://imgnews.pstatic.net/image/origin/119/2021/11/15/2547906.jpg?type=ofullfill106_72,https://news.naver.com/main/read.naver?mode=LSD&mid=sec&sid1=100&oid=119&aid=0002547906,"윤석열, 한국시리즈 관람하며 '시민 속으로'"
4,100,"(워싱턴=뉴스1) 김현 특파원 = 최종건 외교부 1차관은 14일(현지시간) 종전선언과 관련, “조만간 좋은 결과가 있지 않을까 싶다”라고 말했다. 최 차관은 이날 오전 워싱턴 덜레스 국제공항에서 특파원들과 만난 자리에서 ‘종전선언에 대한 진전이 있느냐’는 질문에 “지금은 연말 국면”이라며 이렇게 말했다. 그는 “종전선언 추진에 있어선 한미간 이견이 없다”면서 “이것을 언제, 어떻게 하는 것의 방법론을 논의하고 있다”고 강조했다. 그는 “물론 가장 중요한 것은 한미가 방법론에 관련해서 이견 없이 합의하는 것이다. 조만간 결과가 있을 것 같다”면서 “그리고 나서 이제 북한에 제안하는 것이다. 결국은 종전선언이라는 것은 상대가 있는 것이기 때문이다. 그 가는 길에 있다”고 밝혔다. 최 차관은 미국·일본 외교차관과의 양자회담 및 3자 협의회를 위해 미국을 방문했다. 오는 16일 한미 외교차관 회담을 가진 데 이어 17일 한미일 외교차관 협의를 가질 예정이다. 한일 외교차관 회담도 갖는다. 한미일 외교차관 협의회는 지난 7월 이후 4개월 만에 열린다. 그는 한미일 협의회에서 기후, 공급망 등 글로벌 문제와 미얀마 등 아세안 문제 등을 논의하는 것과 더불어 한반도 문제와 관련해 “평화 프로세스의 동력과 모멘텀을 더 확보하고 추동하기 위한 한미, 한미일 간의 협의 내용들을 다시 한 번 점검해 보고, 더 많이 할 수 있는 것들은 없는지, 지금 연말 상황이 돼 가니까 그 상황을 어떻게 더 안정적으로 관리할 수 있을지 봐야 될 것 같다”고 설명했다. 그는 ‘한미간 조율의 결과가 나올 수 있느냐’는 물음에 “결과가 공개 될지, 안 될지는 장담할 수 없다”며 “그것은 제가 당국자로선 할 순 없다”고 했다. 최 차관은 종전선언 문안 조율에 대해선 “이제 제가 왔으니 그간 했던 것을 한 번 더 짚어볼 것”이라며 “(노규덕 한반도평화교섭)본부장과 성 김 미 국무부 대북특별대표 등등이 협의했던 것을 한미 차관 회의에서 좀 논의할 수 있을 것”이라고 말했다. 그는 다만 “중요한 것은 북한의 반응”이라며 “그것을 어떻게 유도하고 견인하느냐는 또 다른 숙제의 영역이다. 그것을 한 번 보려고 한다”고 했다. 그는 ‘북한이 긍정적 반응 가능성’에 대해선 “그것을 저희가 쉽게 장담할 순 없다”면서 “어떤 것들은 블랙박스에 넣어놓고 저희는 저희 나름대로의 일을 하면 되는 것”이라고 밝혔다. 최 차관은 대북 인도적 지원과 관련해선 “인도적 지원이라고 하는 것은 아시다시피 유엔 제재도 있고, 그것보다 더 촘촘한 미국 제재도 있다”며 “이런 것들은 소위 소통을 얼마만큼 켜켜이 쌓아 가느냐의 문제다. 충분히 쌓아놨고 충분히 이제 진전할 상황이 됐으니 중요한 것은 정치적 결단일 것”이라고 말했다. 최 차관은 한미일 외교차관 협의회가 오는 15일 미중 정상회담 이후 열리는 것과 관련해 미측이 정상회담의 결과를 우리측에 설명하겠느냐는 질문에 “그것은 당연한 것”이라며 “소위 중국이든 누구든 간에 미국이 중요한 외교 사안 같은 것은 저희가 거의 다 서로 공유한다. 이번에도 저는 그게 변함 없을 것이라고 본다”고 답했다. ",17분전,https://imgnews.pstatic.net/image/origin/421/2021/11/15/5723193.jpg?type=ofullfill106_72,https://news.naver.com/main/read.naver?mode=LSD&mid=sec&sid1=100&oid=421&aid=0005723193,"최종건 ""종전선언 추진에 한미간 이견 없어…조만간 결과 있을 것"""
5,100,"(멕시코시티=연합뉴스) 고미혜 특파원 = 아르헨티나가 14일(현지시간) 상·하원 의원 선거 투표를 개시했다. 상원의원 72명 중 24명, 하원의원 257명 중 127명을 선출하는 이번 선거는 4년 임기의 반환점을 앞둔 알베르토 페르난데스 정권에 대한 중간 평가이기도 하다. 중도좌파 여당 연합인 '모두의 전선'은 현재 상원에선 41석으로 다수당이고, 하원에선 절반에 못 미치는 120석을 차지하고 있다. 이번 중간선거에서 여당이 의석수를 지킬 수 있을지가 관건인데 전망은 그리 밝지 않다. 연 50%에 달하는 높은 물가 상승률과 높아지는 빈곤율, 정부의 신종 코로나바이러스 감염증(코로나19) 대응에 대한 실망감 등으로 페르난데스 정부는 지지율에서 고전을 면치 못하고 있다. 코로나19 이후 고위층의 백신 새치기 접종 스캔들이나 봉쇄 기간 대통령 관저에서의 '노마스크' 파티 논란 등도 정부에 타격이 됐다. 실제로 지난 9월 치러진 예비선거에서 여당의 전국 득표율은 30%를 조금 웃돌아 마우리시오 마크리 전 대통령이 이끌던 중도우파 연합 '변화를 위해 함께'에 뒤졌다. 아르헨티나 예비선거는 일정 득표율 미만의 군소 정당을 걸러내기 위한 절차인데, 본선거와 마찬가지로 전국 단위 의무 선거라 본선거 결과를 비교적 정확하게 예측할 수 있게 한다. 여당이 상·하원 모두에서 야당에 밀릴 경우 페르난데스 정권은 남은 2년 국정 운영에서 어려움을 겪게 된다. 국제통화기금(IMF)과의 부채 협상에도 영향이 있을 수 있다. 예비선거 패배 후 여당은 비교적 온건 성향인 페르난데스 대통령과 강경 좌파에 가까운 크리스티나 페르난데스 부통령 겸 전 대통령 간에 균열이 노출되기도 했다. 본선거 결과에 따라 이미 연약해진 여당연합의 결속이 다시 한번 크게 흔들려 정국 혼란이 나타날 우려도 있다. 우울한 중간 성적표를 받아들 가능성이 커지자 페르난데스 정권은 예비선거 이후 생필품 가격을 동결하고 최저임금을 인상하는 등 유권자 마음 돌리기에 나섰으나 어느 정도 효과가 있을지는 알 수 없다. 미국 컨설팅업체 메들리 글로벌 어드바이저스의 이그나시오 라바우이 연구원은 로이터통신에 ""페르난데스 대통령은 여당 연합 내부의 불만과 인플레이션 등 산적한 경제 문제를 안은 채 정치적 힘을 거의 잃은 상태로 임기 후반을 시작해야 할 수도 있다""고 내다봤다. ",20분전,https://imgnews.pstatic.net/image/origin/001/2021/11/15/12792232.jpg?type=ofullfill106_72,https://news.naver.com/main/read.naver?mode=LSD&mid=sec&sid1=100&oid=001&aid=0012792232,아르헨티나 중간선거 실시…좌파 여당 상원 다수당 지위 '위태'
6,100,"(테헤란=연합뉴스) 이승민 특파원 = 러시아가 첨단 방공미사일 S-400의 인도 공급을 시작했다고 타스, 인테르팍스 통신 등이 14일(현지시간) 보도했다. 러시아 방산 제품 수출입 중개회사 '로스오보론엑스포르트' 사장 알렉산드르 미헤예프는 이날 두바이에서 열린 에어쇼에 참석해 연말까지 인도에 대한 첫 번째 S-400 미사일 포대 공급을 완료할 계획이라고 밝혔다. 그는 ""계약서에 정해진 시한에 따라 올해 연말 이전에 S-400 공급을 시작한 것""이라고 설명했다. 앞서 미헤예프 사장은 언론에 10∼12월 사이 S-400 인도 공급을 시작할 것이라고 예고한 바 있다. 드미트리 슈가예프 군사기술협력청장도 이날 스푸트니크 통신에 S-400 인도 공급이 이미 시작됐다고 말했다. 러시아와 인도는 2018년 10월 블라디미르 푸틴 러시아 대통령의 인도 방문 당시 54억3천만 달러(약 6조4천억 원) 상당의 S-400 공급 계약을 체결했다. 인도는 모두 5개 포대 규모의 S-400 미사일을 도입할 예정인 것으로 알려졌다.    러시아와 인도는 당초 지난해 10월부터 미사일 공급을 시작해 2023년 4월까지 마무리하기로 합의했었다. 계약이 이행될 경우 인도는 중국, 터키에 이어 S-400 미사일을 공급받는 세 번째 국가가 된다. '러시아판 사드'(THAAD·고고도 미사일 방어체계)로 불리는 S-400 방공미사일은 2007년부터 러시아군에 실전 배치된 중장거리 지대공 미사일 시스템이다.    저고도로 비행하는 순항미사일과 전술 탄도미사일, 군용기 등을 모두 요격할 수 있다. 로이터 통신은 인도가 러시아제 첨단 무기를 도입함에 따라 미국의 제재를 받는 위험에 처할 수 있다고 전망했다. 미국은 터키가 S-400을 도입하자 '적대세력에 대한 통합제재법'(CAATSA)을 들어 제재를 가한 바 있다. 터키는 2017년 러시아와 S-400 미사일 4개 포대분을 25억 달러(약 2조7천억 원)에 도입하는 계약을 체결해, 2019년 도입을 완료하고 부분적으로 운용에 들어간 것으로 전해졌다. 서방과 대립하고 있는 러시아가 나토(북대서양조약기구) 회원국인 터키에 미사일을 공급한 것은 이례적인 일로 받아들여졌다. 미국은 나토 동맹국인 터키가 S-400을 운용할 경우 민감한 군사정보가 러시아로 유출될 수 있다며 반대해 왔다. ",31분전,https://imgnews.pstatic.net/image/origin/001/2021/11/15/12792231.jpg?type=ofullfill106_72,https://news.naver.com/main/read.naver?mode=LSD&mid=sec&sid1=100&oid=001&aid=0012792231,"""러시아, 첨단 방공미사일 S-400 인도에 공급 시작"""
7,100,"고민정(42) 더불어민주당 의원이 페이스북에서 자신이 나온 대학교를 ‘당시 분교였던 경희대 수원캠퍼스’라고 했다가, ‘분교’ 표현을 삭제했다. 고 의원이 입학할 때는 분교였지만 현재는 분교가 아니다. ‘본교’ 수원캠에 입학한 동문들이 반발하자 ‘분교’ 표현을 지운 것으로 보인다. 고 의원은 지난 13일 페이스북에서 “오늘은 전태일 열사의 51주기”라며, 발의하려는 ‘블라인드 채용법’에 민주당 의원들의 동참을 공개 요청했다. 그는 “입학 시 대학 이름이 아닌 능력으로 평가받아야 하는 당연한 권리가 여전히 법의 보호를 받지 못하고 있다”며 “현재 진행되고 있는 공공기관의 블라인드 채용을 공고히 하고 민간기업으로 확산시킬 수 있는 방안도 준비하겠다”고 했다. 고 의원이 민간기업까지 블라인드 채용을 해야 한다고 주장하는 이유 중 하나는 자신의 경험이다. 그는 ‘분교’ 경희대 수원캠퍼스를 졸업했고, 블라인드 채용으로 2004년 KBS 공채 30기 아나운서로 입사했다. 2017년 1월 퇴사 후 문재인 민주당 대선 경선 후보 캠프에 합류했다. 문재인 정부 출범 이후 청와대 부대변인, 대변인을 지냈다. 이후 지난해 치러진 21대 총선에서 서울 광진구을에 출마해 당선됐다. 이 과정에서 고 의원은 ‘분교’ 표현을 썼다. 그는 13일 오후 8시 올린 글에서 “저는 당시 분교였던 경희대 수원캠퍼스를 졸업했지만 이 제도 덕분에 이 자리까지 오게 됐다”며 “제2, 제3의 고민정이 탄생하도록 동료 의원님들의 공동발의를 요청드린다”고 했다. 그러나 이날 오전 9시32분 수정한 글에선 “저는 당시 경희대 수원캠퍼스를 졸업했지만”이라며 ‘분교’ 단어가 삭제됐다. 이는 댓글과 온라인 커뮤니티 등에서 ‘분교’라는 표현에 항의가 잇따른 데 따른 것으로 보인다. 한 페이스북 이용자는 고 의원의 글에 “경희대 수원캠퍼스(현 국제캠퍼스)는 분교가 아니다. 모교를 욕보이지 말라”고 했다. 일부 온라인 커뮤티니와 기사 댓글 등에서도 “왜 엄하게 동문들에게 피해를 주느냐”, “캠퍼스가 이원화된 것인데 공적인 자리에서 저런 발언을 하는 게 우습다”는 지적이 제기됐다 고 의원이 재학할 당시 경희대 수원캠퍼스는 분교였다. 이후 경희대는 수원캠퍼스를 국제캠퍼스로 명칭을 바꾸고, 2011년 서울캠퍼스와 국제캠퍼스를 법적으로 통합했다. ",39분전,https://imgnews.pstatic.net/image/origin/366/2021/11/15/773798.jpg?type=ofullfill106_72,https://news.naver.com/main/read.naver?mode=LSD&mid=sec&sid1=100&oid=366&aid=0000773798,"“경희대 수원캠 졸업했지만 이 자리” 고민정, 동문 반발에 ‘분교’ 지워"
8,100,"[데일리안 = 고수정 기자] 고민정 더불어민주당 의원이 '블라인드 채용법' 발의를 예고하며, 자신의 모교를 '분교'로 표현하자 한 누리꾼이 ""모교를 비하하지 말라""고 비난했다. 고 의원은 13일 자신의 페이스북에 ""공공기관들은 (채용 시 블라인드 테스트를) 실시하고 있고 효과도 입증됐다""며 ""하지만 법제화 돼 있지 않아 늘 불안한 마음이다. 이 좋은 제도가 후퇴하는 일이 없도록 법제화하려 한다""고 밝혔다. 이어 ""저 또한 블라인드 테스트로 KBS에 입사한 경험이 있어 법제화의 중요성을 누구보다 절감하고 있다""며 ""저는 당시 분교였던 경희대 수원캠퍼스(현 국제캠퍼스)를 졸업했지만 이 제도 덕분에 이 자리까지 오게 됐다. 제2, 제3의 고민정이 탄생하도록 공동발의를 요청드린다""고 말했다. 이에 한 누리꾼은 해당 글에 댓글로 ""모교를 욕보이지 말라""고 비판했다. 이 누리꾼은 ""경희대 수원캠퍼스는 분교가 아니다. 거의 모든 학과가 서울캠퍼스에서 이전한 것""이라며 ""무슨 이유에서 팩트도 왜곡해 경희대 국제캠퍼스를 그렇게 비하하고 졸업생, 재학생들의 사기를 저하시키는지 모르겠다""고 지적했다. 그러면서 이 누리꾼은 ""제대로 알고 얘기하라. 입법을 하면서 모교를 비하하는 이유가 뭐냐""며 ""자신을 키워준 모교에 도움은 주지 못할망정 배은망덕한 짓 좀 그만하라. 제발 그 입 좀 조심하길 바란다""고 분노했다. 고 의원은 논란이 커지자, 14일 오전 9시 32분에 해당 글에서 '분교'라는 단어를 삭제했다. 한편, 해당 글에는 고 의원의 '한 해 선배'라는 인물도 댓글을 달았다. 이 누리꾼은 ""학교 이름에 먹칠 그만하시라. 고 의원이 지금까지 보여준 지력으로는 과분한 학교""라며 ""블라인드 채용 좋다. 그러나 청와대 대변인 출신, 광진구 국회의원 공천도 블라인드(채용)였느냐""고 따져 물었다. ",49분전,https://imgnews.pstatic.net/image/origin/119/2021/11/15/2547905.jpg?type=ofullfill106_72,https://news.naver.com/main/read.naver?mode=LSD&mid=sec&sid1=100&oid=119&aid=0002547905,"고민정 '경희대 분교' 발언에…""모교 비하 말라"" 역풍"
9,100,"춘천시와 강원일보는 지난 11일 오후 2시 시청 대회의실에서 시민이 행복한 춘천을 위한 ‘지속가능도시 춘천' 정책 공유회를 개최했다. 이날 행사는 춘천시가 추진해 오고 있는 지속가능발전 전략별 정책 발표를 통해 지역과 시민들의 공감대를 형성하는 시간이 됐다. ‘지속가능한 도시 만들기'는 민선 7기 시정의 핵심 철학이자 역점사업으로 미래세대를 배려하고 사람과 자연이 상생하는 행복도시를 구현하기 위한 것이다. 이날 진행된 특별강연과 발표를 정리했다. 비로소 100세 시대다. 100세 시대를 맞아 우리는 언제나 무엇을 하든 늦지 않다. 즐겁게 사는 것도 중요하다. 즐거운 일은 매일 일어나지 않는다. 하지만 즐거운 일을 매일매일 만들 수는 있다. 코로나19가 찾아와 모두가 2년 째 지쳐 있다. 그렇다고 대충대충 어영부영 지낼 수는 없다. 그럼에도 불구하고 결국 우리는 즐거운 세상을 만들어가고 즐겁게 살아가야 된다. 이는 춘천시가 추구하는 ‘지속가능'과도 일맥상통한다. ‘무라카미 류'라는 소설가는 “삶은 곧 축제다. 즐겁게 살지 않는 것은 죄다”라고 했다. 죄를 짓지 않으려면 즐겁게 살아야한다. 모든 일은 즐거움 속에서 해결된다. 수많은 은퇴자에게 은퇴 후에 무엇을 하고 싶냐고 물었다. 대부분 돈도 조금 벌면서 오래오래 일하고 싶다고 했다. 나눔 봉사활동도 하고 싶다고 했다. 나눔 봉사활동은 빨리하면 할수록 좋다. 결국 우리가 할 수 있는 일을 계속하는 것이 지속가능함이다. 춘천은 분지형 도심으로, 도심권 안에 상업, 주거, 공공 기반시설이 집중되고 인구 또한 과밀돼 있다. 특히 2000년대 초반 평균 온도가 지속적으로 상승해 폭염으로 이어졌고, 열대야 현상을 초래했다. 공기의 순환이 정체돼 미세먼지 농도는 더욱 높아져 최근 3년간 춘천의 초미세먼지 평균 농도는 서울시와 근사한 수치를 보여줬다. 춘천시는 외곽과 도심지를 연결하기 위한 선형녹지 확충에 힘쓰고 거점의 숲을 조성해 바람 방향 유도, 열섬효과 완화 등을 위해 2018년부터 바람길 녹지축과 미세먼지 차단숲 조성 프로젝트를 시작했다. 또 2050 1억그루 나무심기로 숲속의 춘천을 만들고 숨 쉬기 좋은 도심권을 만들고 있다. 숲은 대기정화, 토양탄소저장, 소음저감 등의 효과가 있다. 특히 수목의 피도가 10% 증가될 때마다 온도가 0.5도 온도가 저감된다. 춘천 도심권 지역의 수목의 피도는 13%로, 도심권 내 쾌적한 생활환경을 만들기 위해서는 녹지 확충이 절실하다. 민관이 함께하는 1억그루 나무심기는 올 6월 기준 226만그루를 식재했다. 온실가스 감축 기여, 생활권 내 도시숲의 증가, 식재 유형의 다양화, 시민 주도적 참여를 희망하는 사례가 많아 유의미한 결과를 이뤘다. 나무심기는 우리가 할 수 있는 가장 손쉬운 지구 살리기 방법이다. 춘천시는 올 1월 법정문화도시에 지정됐다. 지역문화진흥법에 따라 지역의 지속가능한 발전과 문화적 삶의 확산을 목적으로 문화체육관광부가 지정해 5년간, 국비 100억원 포함해 최대 200억원의 예산을 확보했다. 춘천시는 2018년부터 문화도시 지정에 대한 강한 의지를 갖고 2020년 1월부터 문화도시 예비사업을 추진해 의견 수렴 136회, 시민엽서 700건, 시민 100명의 심층인터뷰 등을 진행했다. 춘천시는 약 200억원의 사업예산을 갖고 올해부터 2025년까지 5년간, 문화도시 조성사업을 추진하게 된다. ‘시민이 낭만이웃으로, 전환문화도시 춘천'을 비전과 방향으로 봄, 바람, 낭만, 이웃, 축제특화 사업군 등 5개의 사업을 추진 중이다. 문화도시 로드맵에 따라 향후 100명의 문화인력 양성, 30개의 인생공방, 330개의 도시가 살롱 등을 통해 도심과 외곽의 문화 격차를 줄이고 춘천시 골목골목에 문화가 스며들도록 할 것이다. 춘천시는 올 한 해 법정문화도시 선정을 토대로 발전된 문화예술의 산업화는 지역경제 활성화로 이어질 것으로 기대한다. 민선 7기 들어 춘천시는 어려운 이들을 돌보기 위한 많은 노력을 하고 있다. 지난해 춘천시 1조3,000억원의 예산 중 42%인 5,500억원이 복지예산이다. 하지만 정부가 설계한 다양한 공공서비스들이 복지 사각지대를 완벽히 해소해 주지는 못하고 있다. 저출산 고령화에 따라 지역인구 감소, 경제 저성장, 삶의 만족도 하락으로 이어지고 있다. 수요와 공급이 맞지 않고 지속가능성을 위해 이웃이 이웃을 돌볼 수 있는 체계를 행정이 마련하는 것이 ‘선한 이웃 마을돌봄 프로젝트'다. 공동체 회복으로 이웃이 있어 행복한 나눔의 도시라는 시정 철학을 바탕으로 선한 이웃 마을돌봄 프로젝트를 올 3월부터 시작하게 됐다. 또 5월에는 25개 읍·면·동 행정복지센터와 거점복지관 8곳, 10개 중간지원조직, 여러 기관·단체 등 다양한 주체들을 매칭해 ‘춘천형 마을복지 플랫폼'도 구축했다. 이 같은 활동을 통해 지난해 12월부터 현재까지 500개의 위기가구를 발굴, 지원했다. 춘천시는 먹거리의 지역순환체계를 구축하고 이를 바탕으로 춘천 푸드플랜을 수립했다. 지역에서 생산한 먹거리를 지역사회의 기본재로 인식하고 사회적 관점을 바꾸자는 의미다. 지역선순환체계의 출발점은 유통구조 개선이었다. 이를 위해 현재 먹거리통합지원센터를 구축해 관내 75개 학교 3만3,000명의 학생에게 지역에서 생산한 농산물을 먹거리 식자재로 납품하고 있다. 선순환체계가 구축되면서 공공급식으로까지 사업이 확대돼 초등돌봄 간식, 임산부 꾸러미 제공, 65세 이상 독거노인 꾸러미 사업 등까지 영역을 확대해 나가고 있다. 춘천시 관내에 로컬푸드 매장 3곳의 운영을 지원하고 있고, 삼천동에 직영매장도 내년 5월에 문을 열 예정이다. 이 같은 노력의 결과로 지난해 로컬푸드 우수 지자체 선정, 올해는 중점관리지역으로 춘천시가 선정돼 지원받고 있다. 2020년에는 130억원 정도의 지역먹거리를 통한 매출실적을 올렸고 2023년에는 350억원 정도의 새로운 소득이 지역에서 창출될 것으로 기대한다. 지역먹거리 선순환체계와 춘천 푸드플랜이 향후 변화된 춘천시 농업정책의 모습이다. ",56분전,https://imgnews.pstatic.net/image/origin/087/2021/11/15/868320.jpg?type=ofullfill106_72,https://news.naver.com/main/read.naver?mode=LSD&mid=sec&sid1=100&oid=087&aid=0000868320,[특집]“푸른 숲 가득한 도심·골목골목 문화 스며드는 행복도시 춘천”
10,101,"우리 전래 동화에서 호랑이를 벌벌 떨게 했던 곶감은 떫은감으로 만든다. 떫은감은 따뜻한 곳에 두었다가 말랑한 홍시가 되었을 때 먹어도 되고 껍질을 벗겨 통풍이 잘 되는 곳에 걸어 놓으면 향기로운 꿀맛이 가득 채워진 곶감을 즐길 수 있다. 가을에 가장 제철인 과일 ‘감’은  단감을 제외한 모든 감은 떫은감, 이라고 정의하고 있고, 떫은감은 홍시가 되면 떫은맛이 사라진다. 우리나라 토종감은 홍시가 되기 전에 떫은맛이 나는 이른바 ‘떫은 감’이다 지혜로운 우리 조상들은 채소와 과일 섭취가 부족한 겨울을 위해 저장성이 좋은 곶감을 만들어 환절기에 필요한 각종 비타민과 무기질은 물론이고 면역력을 지켜주는 다양한 영양소를 섭취했다. 동의보감에는 떫은감을 익힌 홍시가 숙취해소에 탁월한 효과가 있다고 기록되어 있다. 심장과 폐를 튼튼하게 하고 갈증을 없애주며 천연 소화제 역할도 한다고 언급되어 있는데 예로부터 감은‘금의 옥액’이라 불리며 신선이 마시는 귀한 물로 여겼다고도 한다. 떫은감의 재배기록이 많지는 않지만 <향약구급방>에 의하면 고려시대에 이미 재배되고 있었음을 알 수 있다. 곶감은 조선 숙종 때 중국에 예물로 보낸 기록이 전해진다. <진연의궤>, <진찬의궤> 등에도 곶감에 대한 기록이 있고 종묘제례 계절식료품으로 언급된 문헌도 있다. 떫은감의 떫은맛은‘타닌’성분 때문이다. 타닌은 물에 녹는 성질을 가지고 있어 입 속의 침과 단백질을 만나면 까끌까끌한 느낌이 생기는데 그것이 우리가 느끼는 떫은맛이다. 정확하게 말하면 떫은맛은 맛이 아니라 일종의 촉감이기도 하다. 떫은맛은 디오스프린이라는 폴리페놀 계열의 고분자 타닌 성분이다. 타닌은 우리 몸을 건강하게 지켜주는 항산화 물질로 여러 감 품종 중 떫은감에 가장 많이 함유되어 있다. 타닌은 항염작용을 하며 불필요한 중성지방 또는 콜레스테롤을 흡착하여 체외로 배출시켜 주는 역할을 하기 때문에 혈관의 혈전생성을 방지하고 혈전을 녹여 깨끗한 혈관유지와 혈관 탄력성을 높여준다. 그러므로 매일 홍시나 곶감을 한두 개씩 꾸준히 먹으면 고혈압, 동맥경화와 같은 각종 혈관질환을 예방하는 데 도움을 받을 수 있다. 떫은감에는 타닌 이에도 각종 비타민과 무기질은 물론이고 특히 베타카로틴이 풍부하다. 베타카로틴은 폐의 기능을 증진해주고 항암작용에 도움을 준다. 베타카로틴 성분은 몸속에 흡수되면 비타민A로 전환되는데 비타민A는 눈 건강에 탁월하고 항산화작용으로 노화방지에도 좋다. 떫은감으로 만든 곶감은 감기예방에 효과적이다. 곶감을 말리면 표면에 하얀 분이 생기는데 이것은 만니트 성분으로 기침과 가래를 멎게 하고 기관지를 튼튼하게 한다. 떫은감에는 비타민C의 대명사인 감귤 보다 2배 많은 비타민C가 함유되어 있다. 활성산소를 막아주는 비타민C는 손상된 피부를 재생하고 미백작용 등에 도움을 준다. 한국떫은감협회에서는 “떫은감은 수분이 적고 과육이 부드럽고 찰지다. 후숙하여 홍시로 먹기도 하고 곶감, 감 말랭이로 먹어도 좋으며 수분이 많지 않아 산도 유지가 잘 되기 때문에 감식초 등을 만들어 일 년 내내 즐길 수도 있다.”고 떫은감을 꾸준히 드시기를 권장한다. 실제로, 혈관건강, 피부미용, 숙취해소, 피로회복에 효과적인 떫은감은 한꺼번에 많이 먹는 것 보다 매일 적당량을 즐기는 것이 건강에 더 좋다고 한다. 전문가들에 의하면 홍시로 먹는다면 하루 1~2개, 곶감은 2~3개, 감 말랭이는 한 주먹 정도 그리고 요즘 주목받고 있는 감꼭지를 우려낸 차는 하루 2리터 정도가 적당하다고 한다. ",6분전,https://imgnews.pstatic.net/image/origin/022/2021/11/15/3637992.jpg?type=nf106_72,https://news.naver.com/main/read.naver?mode=LSD&mid=sec&sid1=101&oid=022&aid=0003637992,"환절기 혈관 건강, 떫은 감의 달콤한 맛으로 지켜주세요"
11,101,"제주삼다수를 생산, 판매하고 있는 제주특별자치도개발공사(사장 김정학)는 ‘해양쓰레기 업사이클 프로젝트’의 확대 운영을 위해 제주 지역 수협 세 곳과 추가로 다자간 업무 협약을 맺었다. 협약식은 지난 12일 오후 제주시 한림읍에 위치한 한림수협에서 제주개발공사와 모슬포수협(조합장 강정욱), 성산포수협(조합장 김계호), 한림수협(조합장 김시준) 관계자들이 참석한 가운데 진행됐다. 제주개발공사의 ‘해양쓰레기 업사이클 프로젝트’는 수거사각지대에 놓인 제주도 근해에서 발생되는 해양쓰레기를 줄이기 위해 어선들을 대상으로 투명페트병을 회수하는 사업이다. 바다에서 조업 중 선원들이 마신 생수의 페트병 등을 바다에 버리지 않고 모아 수협에 제공하면 일정 금액을 비용으로 보상해준다. 적절한 보상을 통해 어민들의 폐자원에 대한 인식을 개선하고, 수거된 페트병은 고품질 재생 섬유로 만들어 순환 경제 시스템을 고도화하는 것이 목표다. 이 사업은 2020년 8월부터 추자도 지역과 서귀포항 정박 어선을 대상으로 시작했으며, 재까지 8톤 이상의 투명 페트병을 수거해 고품질의 친환경 재생섬유로 만들어 패션 아이템에 쓰이고 있다. 바다로 유입되었다면 해양 오염의 주범이 되었을 페트병이 공동의 노력으로 새로운 가치를 갖는 상품이 된 것이다. 이번 협약에 따라 제주개발공사는 사업의 전체 기획 및 보상 금액을 마련하고, 각 수협과 제주해양경찰청은 더 많은 선주, 선원들이 깨끗한 바다를 만드는 활동에 참여하도록 독려, 지원하는 역할을 맡는다. 김정학 제주개발공사 사장은 “이번 사업은 바다에서 활동하는 어민들이 직접 해양 오염 문제 해결에 참여하고, 고품질의 투명 페트병을 활용한 순환 경제 체계를 완성한다는 점에서 더욱 의미가 있다”면서, “직면한 환경 문제를 지역사회가 공동으로 해결하는 소셜 임팩트 효과를 거둘 것으로 기대한다”고 말했다. ",7분전,https://imgnews.pstatic.net/image/origin/022/2021/11/15/3637984.jpg?type=nf106_72,https://news.naver.com/main/read.naver?mode=LSD&mid=sec&sid1=101&oid=022&aid=0003637984,"제주개발공사, ‘해양쓰레기 업사이클 프로젝트‘ 제주 전역으로 확대"
12,101,"15일 창립 91주년을 맞는 CJ대한통운이 2023년까지 2조5000억원을 투자하해 혁신기술 기업으로 거듭나겠다는 미래 비전을 마련했다. 강신호 CJ대한통운 대표이사는 사내에 배포한 창립 91주년 기념사를 통해 이 같은 뜻을 전했다고 CJ대한통운이 14일 밝혔다. 이는 지난 3일 이재현 CJ그룹 회장이 향후 3년간 미래 혁신성장 분야에 10조원 이상 투자하는 등의 내용을 담은 중기전략 발표 이후 계열사 차원에서 나온 첫 후속조치다. 강 대표는 “과거 우리의 강점이었던 넓은 부지와 큰 창고, 경험 기반의 운영능력은 당분간 시장에서 비교우위를 지키는 데는 도움이 될지 모르지만 미래에는 생존조차 보장받기 힘든 방식”이라고 진단하며 “이제는 첨단 물류기술을 기반으로 고객과 함께 성장하는 혁신기술 기업으로 변화해야 한다”고 강조했다. 강 대표는 로봇과 인공지능(AI), 빅데이터 등 첨단기술을 기반으로 물류서비스를 제공해 고객과 함께 성장하는 전략적 파트너가 되겠다는 새로운 미션을 발표했다. 이를 위해 2023년까지 플랫폼 확장과 첨단기술 확보, 전문인력 확보에 2조5000억원을 투입할 예정이다. 구체적으로 2023년까지 수도권 이커머스 핵심거점 및 3온도(냉장·냉동·상온) 풀필먼트 센터를 추가 구축하는 등 융합형 풀필먼트 인프라를 현재의 8배 수준으로 확장하고 예측운영 역량을 더해 미래 물류를 이끌 플랫폼으로 거듭나게 한다는 계획이다. 또한 TES물류기술연구소 규모를 2배로 키우고 800명 수준의 최고급 전문인력도 확보한다. 인사제도도 7단계 이상 세분화된 직급체계를 단순화하고 나이에 상관없이 역량에 따라 리더가 될 수 있도록 개편할 예정이다. 강 대표는 “최고 인재가 입사하고 싶어하고, 미래 물류시장을 선도하며, 사회적 책임을 다하는 ESG(환경·사회·지배구조) 활동으로 시장에서 진정한 가치를 평가받을 수 있는 기업으로 만들어 나가자”고 말했다. ",7분전,https://imgnews.pstatic.net/image/origin/022/2021/11/15/3637981.jpg?type=nf106_72,https://news.naver.com/main/read.naver?mode=LSD&mid=sec&sid1=101&oid=022&aid=0003637981,대한통운 “2조5000억 투자 혁신기술기업 변신”
13,101,진옥동 신한은행장(오른쪽)과 강호준 대교 대표이사가 지난 12일 서울 관악구 소재 대교타워에서 진행된 키즈 뱅크(Kids Bank) 플랫폼 구축을 위한 업무협약식에서 기념촬영을 하고 있다. ,8분전,https://imgnews.pstatic.net/image/origin/022/2021/11/15/3637976.jpg?type=nf106_72,https://news.naver.com/main/read.naver?mode=LSD&mid=sec&sid1=101&oid=022&aid=0003637976,"신한은행·대교, 키즈뱅크 구축협약"
14,101,김기환 KB손해보험 사장(왼쪽 세 번째)이 지난 12일 오후 서울 강남구 KB손보 본사에서 열린 ‘제 2회 교통안전 공모전’ 시상식에서 수상자들과 기념촬영을 하고 있다. KB손보와 서울경찰청이 함께 진행한 이번 공모전에서는 3개 분야에서 총 18명이 수상했다. ,8분전,https://imgnews.pstatic.net/image/origin/022/2021/11/15/3637970.jpg?type=nf106_72,https://news.naver.com/main/read.naver?mode=LSD&mid=sec&sid1=101&oid=022&aid=0003637970,"KB손보·서울청, 교통안전 공모시상"
15,101,"농협(회장 이성희) 서울지역본부는 국민체육진흥공단(이사장 조현재), 한국체육산업개발(주)(대표이사 김사엽)와 함께 11월13일~14일 올림픽공원 만남의 광장에서 코로나19 극복을 위해‘도시민과 농업인이 소통하는 우수 농축산물 직거래장터’를 개장하였다. 이번 장터는 지난해에 이어 올 상반기 직거래장터를 찾아주신 지역 주민들의 많은 성원으로 또 만날 수 있게 됐으며, 가을 수확기를 맞아 농업인에게는 판로개척의 기회를 제공하고 도시민들에게는 우수한 우리 농축산물을 저렴한 가격에 구입할 수 있었다. 전국 20여 지방자치단체와 농협서울지역본부 직거래장터 31여 농가, 남서울농협(조합장 안용승) 직거래 참여 28여 농가 등 전국 산지의 우수 농축산물 생산 농가들이 참여하여 도시민과 농업인이 지역의 정감을 느끼고, 소통하고, 나눔을 갖는 시골장터의 훈훈함이 돋보였다. 주요 품목은 한우, 한돈, 쌀, 사과, 고구마 등 80여 가지의 품질 좋은 지역 농특산물을 시중가격 대비 10~20% 이상 저렴한 가격으로 판매하였다. 한국체육산업개발(주) 김사엽 대표이사는 “코로나19 장기화로 모든 국민들이 어려움을 겪고 있는 상황에서 직거래장터 개장을 통해 농업인과 도시민이 함께 상생할 수 있는 좋은 기회가 되기를 바란다.”고 말했다. 농협서울지역본부 이대엽 본부장은 “우리 농업인들과 도시민들이 소통할 수 있도록 직거래 장터를 열어준 한국체육산업개발(주)(대표이사 김사엽)에 감사하다.”며 “농업인과 농협은 우수 농축산물로 소비자들에게 건강 먹거리를 제공할 수 있도록 최선을 다하겠다.”고 말했다. ",8분전,https://imgnews.pstatic.net/image/origin/022/2021/11/15/3637969.jpg?type=nf106_72,https://news.naver.com/main/read.naver?mode=LSD&mid=sec&sid1=101&oid=022&aid=0003637969,"서울농협, 도시민·농업인 소통 위한 올림픽공원 직거래장터 열어"
16,101,"[이데일리 고준혁 기자] 최근 미국과 한국 주식 시장이 정반대 방향으로 가는 디커플링이 심화되고 있다. 그러나 올해 많이 오른 미국 등 선진국 시장이 다소 과열됐단 진단이 나오는 반면, 부진했던 신흥국 주식은 가격 매력이 있다는 평가가 나온다. 실제 시가총액 규모가 작은 스몰캡으로만 국한하면 신흥국이 선진국보다 나은 모습을 보이기도 했다. 이처럼 신흥국에서도 약진하는 주식을 이용해 버티다 보면, 선진국에 있는 주도권이 넘어올 것이란 전망도 있다. 14일 기준 올 초부터 이날까지 스탠더드푸어스(S&P)500은 26.54% 오른 반면 코스피는 0.83% 상승했다. S&P500의 경우 이달 들어 지난 8일까지 연속 6거래일간 역사적 신고가를 경신했다. 두 지수 간 격차는 지난 7월을 지나면서 급격하게 벌어졌다. 올 초부터 6월 말까진 비슷하게 동행하던 두 지수는 해당 시점을 기준으로 각각 위와 아래로 방향을 다르게 틀었다. 그러다 지난 9월 말쯤 천연가스 공급난 등 원자재발 인플레이션이 나타나며 두 지수는 모두 조정을 겪었다. 지난달 말 조정이 끝나고 난 뒤 S&P500는 최고가 경신을 이어갔지만 코스피는 횡보 중이다. 미국은 3분기 실적이 예상치를 뛰어넘는 어닝서프라이즈를, 한국은 실적이 전망에 부합하는 정도였던 게 빌미가 됐단 진단이 나온다. 서비스 중심의 미국은 원자재발 인플레에 영향을 덜 받은 반면 제조업 중심의 한국은 피해가 컸다는 설명이나, 근본적인 것은 긴축과 미중 갈등 영향이란 관측도 있다. 김일구 한화투자증권 수석이코노미스트는 “최근 들어 한국 주식과 미국 주식의 디커플링은 강화되고 있는데, 이는 미국이 테이퍼링(자산 매입 축소) 등 통화정책 정상화를 하며 나타난 영향이라기 보다는 각자 상황에 맞는 시장 움직임을 보이는 것”이라며 “미국에선 긴축이 강하게 나타나지 않고 있는 반면, 한국을 포함한 신흥국들은 미리 기준금리를 올리고 있다”고 전했다. 이어 “시계열을 더 길게 보면 2000년대 이후 미중 갈등이 격화할 때마다 디커플링은 도드라졌는데, 3차 미중 갈등에 돌입해 있는 지금, 우리는 중국이 안 좋은 영향을 받는 것에 연동되고 있다”고 덧붙였다. 모건스탠리캐피털인터내셔널(MSCI) 지수 추종 상장지수펀드(ETF) 기준, 올해 내내 선진국에 뒤쳐졌던 신흥국은 8월 이후 바닥을 다지고 있는 모습이다. 또 이달 들어선 서서히 반등하고 있다. 지난 11일 기준 한 달 수익률로 미국(0.8%)을 앞서는 곳도 대부분 신흥국으로 라틴 지역(3.4%), 대만(3.1%), 인도(2.2%), 중동 지역(1.2%) 등이다. 블룸버그에 따르면 MSCI 신흥국 스몰캡 지수의 경우, 신흥국 자체를 아웃퍼폼하고 있지만, 선진국 스몰캡은 해당 지역 지수에 비해 6월 이후 부진하고 있다. BNP파리바의 마니시 레이차우드리 아시아 태평양(APAC) 주식 리서치 책임자는 “연방준비제도(Fed·연준)의 통화정책 정상화 초기 단계에서 신흥국 및 소형주는 부진할 가능성이 있지만, 현 시점까진 선진국에선 소형주가 시장 수익률을 초과하지 못한 반면, 신흥국 소형주는 그들의 시장을 17%포인트 앞 섰다”며 “올해 초 경기민감 기업들의 실적이 개선되는 가운데, 신흥국 소형주는 상당히 저평가돼 있었던 상태”라고 전했다. 국내에서도 2차전지, 메타버스, 엔터 및 미디어가 주목을 받는 등에 스몰캡의 약진이 관찰된다. 이날 기준 한 달 전 대비 코스피는 0.83% 오른데 그쳤지만 코스닥은 5.83% 상승했다. 하인환 KB증권 연구원은 “올 5월부터 진행 중인 코스피 대비 코스닥 강세 흐름은 내년에도 지속될 것”이라며 “한국 수출 증가율이 둔화했던 시기 코스닥이 아웃퍼폼했고, 정부의 코스닥 시장 활성화 의지도 있어 그간의 코스닥 소외 현상이 해소될 것”이라고 전했다. 현재 미국 증시는 조정 없이 달려 과열돼 있으며 공급망 차질, 긴축 전환 등 악재를 반영하지 않아 조정이 나타날 가능성이 있단 전망도 있다. CNN의 공포와 탐욕 지수는 12일(현지시간) ‘극도로 탐욕’ 수준인 83을 가리키고 있으며, 1년 이내 최고치를 경신했다. 섣불리 코스피를 줄이고 S&P500을 늘리다가는 되레 낭패를 볼 수도 있단 얘기다. 박석중 신한금융투자 연구원은 “미국 증시의 독립적인 랠리에 신중한 입장을 견지할 필요가 있다고 판단한다”며 “3분기 실적도 잘 나오고 4분기도 양호할 것으로 전망되지만, 산업재, 소비재, 소재 등에선 공급망 차질과 원가 상승 부담이 확인되고 있다”고 말했다. 이어 “거기다 시장은 연준의 금리 인상에 대한 예측을 내년 2번으로 굳히고 있는데, 주식시장은 이러한 악재를 반영하지 않았다고 판단한다”고 덧붙였다. 내년 초께 저렴해진 대형주 및 지수가 반등하는 구간이 나올 것이란 전망도 있다. 삼성증권과 로이터에 따르면 지난 11일 기준 코스피 12개월 선행 주가수익비율(PER)은 연초 대비 23.9% 하락해 10.6배지만, S&P500은 같은 기간 6.1% 하락한 21.4배를 기록했다. 한 자산운용사 관계자는 “내년 초 이후 공급망 차질이 해결될 것으로 보이는데, 그때까진 지금처럼 메타버스 등 유망한 테마에 따라가는 시장이 펼쳐지다가 이후 삼성전자(005930)나 SK하이닉스(000660) 등 대형주가 반등하며 지수가 상승하는 상황이 나올 것으로 보인다”며 “다만 이같은 장이 언제 펼쳐질지 모르기 때문에, 개인투자자들은 어떻게 봐도 가격이 저렴한 국내 대형주를 미리 매집해 놓고 기다리는 전략을 쓰는 게 가장 효과적”이라고 조언했다. ",9분전,https://imgnews.pstatic.net/image/origin/018/2021/11/15/5085934.jpg?type=nf106_72,https://news.naver.com/main/read.naver?mode=LSD&mid=sec&sid1=101&oid=018&aid=0005085934,답답한 코스피와 신고가 S&P500…그래도 '환승' 말란 이유는?
17,101,"[서울=뉴시스]김혜경 기자 = 본격적인 단계적 일상회복(위드 코로나)의 시작으로 직장인들의 재택근무가 축소되고 다시 사무실로 출근하는 분위기가 확산되면서 사무실에서 안전하고 간편하게 즐기는 소포장 간식이 주목받고 있다. 이전보다 방역지침은 완화됐지만 여전히 기본적인 거리두기는 지켜야 한다는 분위기가 이어지면서 간편하고 안전하게 즐기는 1인용 소포장 간식들이 인기를 얻고 있는 것. 이때 사무실에서 먹기에 부담 없도록 취식방법도 간편하다면 금상첨화다. 이에 식음료업계에서는 위드코로나 시대에 맞게 일명 '세이프 오피스 간식'을 선보이고 있다. 이는 '안전한'라는 의미의 세이프(safe)와 '사무실'을 뜻하는 오피스(office)를 결합한 단어로, 사무실에서 간편하고 안전하게 즐기는 소용량 간식 제품을 지칭한다. 달콤한 과일을 소용량으로 담아낸 컵과일부터 부드러운 컵케이크 등 종류도 다양하다. 15일 식음료 업계에 따르면 청과 브랜드 돌코리아는 1회당 먹기 좋은 양만큼의 과육을 100% 과즙 주스에 담은 '후룻컵'을 선보이고 있다. '후룻컵'은 한 손에 쏙 들어오는 작은 컵에 포크까지 동봉돼 언제 어디서나 간편하게 섭취할 수 있고 과일을 깎는 번거로움이나 껍질, 씨 등 음식물 쓰레기를 처리할 필요가 없어서 바쁜 직장인들이나 학생들을 위한 간식, 디저트로 인기를 얻고 있다. 특히 개인위생 관리에 대한 관심이 높아진 요즘, 혼자서도 부담 없이 간편하게 즐기기 좋은 1인용 과일 간식으로도 주목받고 있다. 돌코리아 가공식품 관계자는 ""'후룻컵'은 코로나19 이후 간편하고 안전하게 즐기는 간식으로 인기를 얻고 있다""며 ""위드코로나에 개인의 위생 관리가 더욱 중요해진 요즘, 안전하게 즐기는 오피스 간식으로 추천한다""고 말했다. 동서식품은 '동서 보리차'를 한 잔씩 마실 수 있는 티백 제품인 '동서 한잔용 보리차'를 출시했다. 이번 신제품은 동서 보리차만의 진하고 구수한 맛을 한잔 용량의 티백에 담아 언제 어디서나 간편하게 즐길 수 있으며 찬물에서도 잘 우러날 수 있도록 동서식품만의 노하우로 보리의 로스팅 강도와 분쇄 정도를 최적화했다. 달콤하고 간편하게 즐기는 소용량 베이커리 제품도 주목된다. 파리바게뜨는 쌀쌀해진 가을 날씨를 맞아 자체 디저트 브랜드인 '케이크 스토리'의 신제품 라인업을 출시했다. '케이크 스토리' 제품들은 취식과 휴대가 간편한 1인용 패키지로 선보여 언제 어디서나 간편하게 나만을 위한 디저트 타임을 누릴 수 있다. 롯데제과는 몽쉘과 노티트 쉐프와 협업을 통해 '쁘띠몽쉘 마롱 몽블랑 케이크'를 출시했다. '쁘띠몽쉘 마롱 몽블랑 케이크'는 가을 제철 원료인 밤을 사용해 부드러운 식감과 크림이 일품인 노티드의 시그니처 케이크인 '몽블랑'에서 영감을 받아 만든 것으로 한입 크기의 '쁘띠몽쉘' 디저트다. 출출한 오후에 간편하고 든든하게 즐기는 제품도 눈길을 끈다. 서울우유협동조합은 100% 국산 통 모짜렐라 치즈의 진한 풍미에 다양한 토핑의 맛을 더한 '서울 브리또관' 2종을 출시했다. 서울우유 100% 국산 통 모짜렐라 치즈를 사용하여 국산 치즈의 진한 풍미를 느낄 수 있으며 얇은 피 또띠아의 조합으로 퍽퍽한 식감을 최소화해 풍성한 토핑의 맛을 극대화했다. 또한 속재료가 푸짐하게 들어가 있어 간편한 식사대용으로 제격이다. 신세계푸드는 혼자서도 간편하고 풍성하게 즐길 수 있는 1인용 피자 '밀크앤허니 치아바타 피자샌드' 3종을 출시했다. 신세계푸드는 소용량(1인용) 피자 출시에 대한 소비자들의 요구가 높다는 점을 착안해 혼자 먹기에 부담스러운 피자를 혼자서 손쉽게 즐길 수 있는 핸디푸드 형태로 개발했다. 신세계푸드만의 노하우를 담은 블랙 올리브 치아바타를 활용했으며, 별다른 조리기구 없이 간편하게 피자 본연의 맛을 느낄 수 있는 것이 특징이다. ",10분전,https://imgnews.pstatic.net/image/origin/003/2021/11/15/10831583.jpg?type=nf106_72,https://news.naver.com/main/read.naver?mode=LSD&mid=sec&sid1=101&oid=003&aid=0010831583,"재택 끝 출근 시작…위드 코로나 시대, 1인용 사무실 간식 뜬다"
18,101,정부가 지난주 유류세를 내린 가운데 휴일인 14일 서울 서초구 만남의광장 휴게소 알뜰 주유소에 기름을 넣기 위해 차량들이 길게 줄 서 있다. ,18분전,https://imgnews.pstatic.net/image/origin/022/2021/11/15/3637968.jpg?type=nf106_72,https://news.naver.com/main/read.naver?mode=LSD&mid=sec&sid1=101&oid=022&aid=0003637968,기름값 내리자… 주유소에 줄 선 차량들
19,101,"현대카드가 센츄리온(로마군 지휘관) 이미지가 적용된 '아메리칸 익스프레스' 카드를 출시했습니다. 그간 개인카드는 삼성카드, 법인카드는 롯데카드에서 센츄리온 디자인을 사실상 단독 공급해왔는데요. 현대카드가 개인·법인카드 모두에서 이 카드를 선보이면서 국내 프리미엄 카드 시장 경쟁도 치열해질 것으로 보입니다. 현대카드가 선보인 아멕스 카드는 국내 최초로 적립한도와 유효기간이 없는 무제한의 '멤버십 리워즈'를 제공하는 것이 특징입니다. 연회비가 높은 대신 연간 카드이용액이 많으면 많을수록 이에 걸맞은 프리미엄 혜택을 제공하는 구조입니다. 현대 아멕스 카드는 그린(연회비 10만원), 골드(연회비 30만원), 더 플래티늄(연회비 100만원) 총 3종입니다. 각 카드별로 차별화된 멤버십 리워즈 혜택을 제공하는데요. 멤버십 리워즈는 1991년부터 운영돼 온 아멕스 카드 회원 전용 글로벌 리워드프로그램으로 1MR 당 약 10원 이상의 가치를 지닙니다. 플래티늄은 이용금액 1000원 당 1.5MR, 골드는 1000원 당 1MR, 그린은 1500원 당 1MR이 적립됩니다. 해외 가맹점·호텔·골프 등 각 상품별 특별 사용처에서는 최대 3배의 MR을 한도 없이 적립해줍니다. 고객은 이 멤버십 리워즈를 델타항공·대한항공 등이 속한 16개 글로벌 항공사 얼라이언스 프로그램 마일리지 또는 메리어트·힐튼 등 6개 호텔 체인 멤버십 포인트로 교환할 수 있고, 전 세계 55만여개 호텔 예약도 가능합니다. 연간 이용금액에 따라 보너스 리워즈도 제공하는데요. 발급 첫해 100만원 이상 이용한 고객에게 플래티늄은 10만MR(100만원 상당), 골드는 3만MR(30만원 상당), 그린은 1만MR(10만원 상당)을 추가 적립해줍니다. 다만 2년차부터는 보너스 리워즈 적립 기준이 높아집니다. 플래티늄은 연간 3600만원 이상, 골드는 2400만원 이상, 그린은 1200만원 이상 사용해야 발급 첫해와 같은 보너스 리워즈를 추가로 적립할 수 있습니다. 삼성카드는 총 5종의 아멕스 카드를 발급하고 있습니다. 블루(연회비 1만5000원)·그린(연회비 4만9000원)·리저브(연회비 15만원)·골드(연회비 30만원)·플래티늄(연회비 70만원)인데요. 현대카드에 탑재된 글로벌 멤버십 리워즈는 없지만 상품이 다양하고, 연회비도 낮습니다. 카드이용액이 3600만원보다 적거나 최소 실적만 사용하고 혜택을 받으려면 삼성카드가 더 나은 선택이 될 수 있습니다. 예를 들어 삼성카드의 아멕스 카드 중 최상급인 플래티늄의 경우, 국내외 가맹점 1% 포인트 기본적립, 골프·주유·호텔은 4% 포인트 추가 적립혜택을 제공합니다. 기프트서비스는 국내 특급호텔 50만원 할인(25만원씩 연 2회)과 해외·백화점 10만원 할인혜택(5만원씩 2회) 등을 줍니다. 하지만 현대카드와 달리 월 적립한도가 정해져 있습니다. 전월 이용금액이100만원 이상이면 1만5000포인트, 200만원 이상이면 4만 포인트입니다. 이 때문에 월 카드이용액이 많다면 연회비는 30만원 많지만 멤버십 리워즈의 적립한도와 유효기간이 없는 현대카드를 선택하고 글로벌 프리미엄 서비스를 누리는 편이 나을 수 있습니다. 결국 현대카드의 아멕스 카드 출시로 국내 프리미엄 카드 시장에서 소비자들의 선택권이 확대된 것으로 볼 수 있습니다. 비교적 충성고객이 탄탄한 아멕스 센츄리온 카드를 두고, 개인의 상황에 따라 선택할 수 있는 카드 혜택이 늘어난 셈입니다. 다만 내게 맞는 카드는 내가 제일 잘 아는만큼 나의 소비성향을 분석해 최적의 카드를 선택하는 것이 바람직할 것입니다. ",40분전,https://imgnews.pstatic.net/image/origin/277/2021/11/15/4999276.jpg?type=nf106_72,https://news.naver.com/main/read.naver?mode=LSD&mid=sec&sid1=101&oid=277&aid=0004999276,"[기하영의 생활 속 카드]아멕스 센츄리온 카드, 삼성·현대 어느 카드 쓸까"
20,102,"배우 김부선씨가 이재명 더불어민주당 대선후보를 상대로 제기한 손해배상청구소송 재판의 변호를 맡은 강용석 변호사를 해임했다고 14일 밝혔다. 강 변호사가 유튜브에서 재판과 관련해 김씨의 사적인 내용을 언급한 것이 결정적 이유다. 김씨는 이날 자신의 페이스북에 “잘가라 강용석. 그동안 끔찍했었다”며 “강용석 변호사 해임한다. 이런 변호사 필요 없다. 모든 게 여의치 않으면 나 홀로 소송한다. 진실을 밝히는데 강용석 같은 변호사는 필요 없다”는 글을 올렸다. 뒤이어 올린 게시물에선 “제 소송대리인인 변호사가 의뢰인의 사생활을 모두 공개, 누설했다. 남들은 어떻게 생각하느냐”라며 영상을 공유했다. 해당 영상은 강 변호사가 운영 중인 유튜브 채널 ‘가로세로연구소’(가세연) 10일자 방송 중 일부다. 강 변호사는 이날 진행한 ‘가세연’ 라이브 방송에서 김씨가 과거 주장한 이 후보의 신체적 특징을 언급했다. 그러면서 “김씨가 검찰 조사 당시 (이 후보 신체 특징 관련) 그림을 그렸다. 조서를 읽으면 누가 봐도 김씨가 거짓말을 할 수가 없다고 생각한다. 별 이야기가 다 나온다. 단순 가족, 신체 비밀뿐만이 아니다”라고 했다. 이 과정에서 강 변호사는 웃으며 김씨의 사적인 내용까지 이야기했다. 김씨는 댓글을 통해 강 변호사를 ‘악질 변호사’라고 비난하며 “피해자를 2차 가해했다”고도 했다. 이어 김씨는 “강 변호사를 해임 통보했다”며 “십시일반 소송비용 마련해 주신 민주당 당원동지들께 죄송하다. 용서 바란다. 강용석과 의기투합해 이재명의 민낯을 만천하게 보여주고 싶었으나 실패했다. 나 홀로 소송으로라도 님들의 지지에 보답하겠다. 다시 한번 미안하다”라고 했다. 이 후보의 ‘여배우 스캔들’ 당사자인 김씨는 2018년 9월 이 후보가 교제 사실을 부인하고, 자신을 마약 상습 복용자와 허언증 환자로 몰아 정신적·경제적 손해를 입었다며 이 후보에게 3억원을 배상하라는 손해배상 청구 소송을 제기했다. 그러나 서울동부지법 민사합의16부(재판장 우관제)는 지난 8일 이 후보 측 변호사가 낸 기일 변경 신청서를 받아들여 당초 10일 열릴 예정이었던 4차 변론 기일을 내년 1월 5일로 변경했다. ",4분전,https://imgnews.pstatic.net/image/origin/023/2021/11/15/3652970.jpg?type=nf106_72,https://news.naver.com/main/read.naver?mode=LSD&mid=sec&sid1=102&oid=023&aid=0003652970,"김부선 “강용석 변호사 해임, 유튜브서 내 사생활 누설”"
21,102,"(테헤란=연합뉴스) 이승민 특파원 = 14일(현지시간) 이란 남부 호르무즈건주에서 규모 6.4, 6.3 지진이 바로 잇따라 발생했다. 테헤란대학교 부설 이란지진센터에 따르면 이날 오후 3시 37분 4초 반다르-압바스 북북서쪽 44㎞ 지점에서 규모 6.4의 지진이 일어났다. 1분여 뒤인 이날 오후 3시 38분 38초 같은 지점에서 규모 6.3의 지진이 다시 관측됐다. 미국 지질조사국(USGS)은 이날 비슷한 시각 같은 지역에서 규모 6.3과 6.0의 지진이 일어났다고 발표했다. 반관영 메흐르 통신은 현지 적신월사를 인용해 이번 지진으로 1명이 숨지고, 8명이 다쳤다고 보도했다. 국영 IRIB 방송은 정부가 호르무즈건주에 구조팀을 급파하고 피해 규모를 파악하고 있다고 전했다. SNS에는 반다르-압바스에서 전신주가 넘어져 부상자가 병원으로 옮겨지고 겁에 질린 주민들이 건물 밖으로 대피하는 모습이 담긴 영상이 올라왔다. 진원에서 약 300㎞ 떨어진 케르만주에서도 많은 사람이 흔들림을 느낀 것으로 전해졌다. 진원은 이란 유일의 원자력 발전소인 부셰르 원전과 약 500㎞ 거리다. 수도 테헤란과는 1천㎞ 넘게 떨어져 있다. UAE 국립기상센터는 트위터를 통해 ""UAE 북동부에서 지진이 감지됐으나, 큰 영향은 없다""고 밝혔다. 1990년 이란 북부 지역에서 규모 7.4의 강진이 발생해 4만 명이 사망하기도 했다. ",4분전,https://imgnews.pstatic.net/image/origin/001/2021/11/15/12792235.jpg?type=nf106_72,https://news.naver.com/main/read.naver?mode=LSD&mid=sec&sid1=102&oid=001&aid=0012792235,"이란 남부서 규모 6대 지진 잇따라…""1명 사망·8명 부상""(종합2보)"
22,102,"지난해 11월 오후 4시10분쯤 인천 남동구 고잔동 실버렉스 공장 2층에서 불이 나 20∼50대 남성 3명이 숨지고 소방관 4명을 포함해 9명이 다쳤다. 앞서 같은 해 7월에는 인천 서구 가좌동 STK케미칼 화학공장에서 탱크로리 차량이 폭발했다. 당일 과산화수소를 넣는 저장소에 잘못 주입한 화학약품을 다시 빼내는 도중 사고가 일어났다. 인천 서구에 각종 화학사고를 신속하고 전문적으로 처리할 전국 첫 119화학대응센터가 다음달 문을 연다. 관내 남동·주안·부평 국가산업단지와 공장 밀집지역의 화학사고 대응 역량이 한층 강화될 전망이다. 14일 인천소방본부에 따르면 다음달 본격 운영을 시작하는 119화학대응센터는 총사업비 58억원이 투입돼 연면적 2138㎡, 2층 규모로 건립 중이다. 전문인력 30명을 배치하고 위험물안전팀과 화학대응팀이 꾸려진다. 아울러 다목적 구조차 및 제독차, 화생방 분석차 등 최신기능을 탑재한 특수차량 8대가 도입될 예정이다. 한편, 인천소방본부는 지난달 루원시티 내 국민안전체험관을 개관한 데 이어 서북부지역 재난 발생 시 골든타임을 확보할 검단소방서 2023년 말 신설, 노후 소방정·소방헬기 교체 등 재난대응 역량을 꾸준히 향상시키고 있다. 빠르게 변화하는 환경에 맞춰 빅데이터, 사물인터넷(IoT), 인공지능(AI) 등 새로운 기술도 서비스에 접목 중이다. ",5분전,https://search.naver.com/search.naver?where=image&sm=tab_jum&query=naver#,https://news.naver.com/main/read.naver?mode=LSD&mid=sec&sid1=102&oid=022&aid=0003637996, 인천에 전국 첫 119화학대응센터
23,102,"고질적인 교통정체를 빚던 울산 신복로터리가 20년 만에 신호체계를 바꾸면서 교통 흐름이 크게 개선됐다. 14일 울산경찰청에 따르면 신복로터리는 고속도로와 대학로, 남부순환로, 삼호로, 북부순환로 등 4개 주간선도로가 연결돼 시간당 최대 5700대의 차량이 몰렸던 곳이다. 많은 교통량을 처리하기 위해 2개 방향에서 진입 신호를 운영했고, 이 때문에 차량이 로터리 내부에 대기하게 됐다. 대기 차량의 꼬리가 각 다른 방면 진입과 회전 차량의 진행을 막으면서 혼잡이 가중됐고, 접촉사고 발생도 잦았다. 울산경찰청은 2002년 도입된 이 신호체계를 지난달 28일 차량이 한 방향 진입 후 전 방향으로 진출하도록 바꿨다. 신호 개방 순서도 현재 시계 반대 방향에서 시계 방향(삼호로→대학로→고속도로)으로 변경했다. 로터리 내 정지선도 조정해 한꺼번에 많은 차량이 로터리를 통과할 수 있도록 했다. 도로교통공단의 신호체계 전환에 따른 분석 결과 신복로터리 내부 대기 차량 엉킴 현상이 없어지면서 도로별로 대기 길이가 71∼199m 줄어든 것으로 나타났다. 기존 4∼5회 신호 대기를 하던 차량이 1∼2회 만에 로터리에 진입할 수 있게 됐다. 5개 도로 구간(평균 800m) 통행시간은 대당 기존 87.4초에서 81.4초로 줄었다. 로터리 내부 지체도는 대당 208.1초에서 139.7초로 짧아졌다. 신호개편 후 12일간 교통사고는 전년 동기 대비 3건에서 1건으로 줄어든 것으로 조사됐다. 경찰 관계자는 “울산시자치경찰위원회와 협업해 공업탑과 태화로터리 등도 개선해 나갈 계획이다”며 “시민들의 안전하고 편리한 교통환경을 조성하기 위해 계속 노력하겠다”고 말했다. ",5분전,https://search.naver.com/search.naver?where=image&sm=tab_jum&query=naver#,https://news.naver.com/main/read.naver?mode=LSD&mid=sec&sid1=102&oid=022&aid=0003637995, 울산 신복로터리 상습정체 크게 해소
24,102,"청와대의 울산시장 선거개입 의혹사건 재판에 최초 고발자인 김기현 전 울산시장이 증인으로 출석합니다. 서울중앙지법 형사합의21-3부(장용범 마성영 김상연 부장판사)는 오늘(15일) 오후 공직선거법 위반 등의 혐의로 기소된 송철호 울산시장 등의 재판에 김 전 시장을 증인으로 부릅니다. 또, 김 전 시장에 앞서 오전에는 김 전 시장의 비서실장이었던 박 모 씨를 이 사건 재판의 첫 증인으로 소환합니다. 현 국민의힘 원내대표인 김 전 시장과 박 씨는, 2018년 지방선거를 앞두고 청와대가 당시 출마 예정이던 송 시장의 당선을 돕기 위해 불법·탈법을 저질렀다며 이 사건 의혹을 처음 검찰에 고발했습니다. 김 전 시장 등은 청와대가 울산경찰청에 김 전 시장과 관련한 비위 첩보 등을 전달해 수사를 하명하고, 송 시장 측에는 중앙·지방정부의 내부 정보를 넘겨 공약 수립에 도움을 줬다고 주장해왔습니다. 당시 김 전 시장은 선거에서 송 시장에게 패해 재선에 실패했고, 지난해 총선에서 울산 남을 국회의원에 당선됐습니다. 또, 사건을 수사한 황운하 전 울산경찰청장도 더불어민주당 후보로 출마해 당선됐습니다. 오늘 증인신문은 지난해 1월 기소 후 22개월 만에 이 사건 재판에서 처음 열리는 증인신문입니다. ",5분전,https://search.naver.com/search.naver?where=image&sm=tab_jum&query=naver#,https://news.naver.com/main/read.naver?mode=LSD&mid=sec&sid1=102&oid=056&aid=0011156535, ‘울산시장 선거개입 의혹’ 재판에 김기현 증인 출석…기소 22개월 만
25,102,"장현(송원대학교 교수·대외협력처장) 광주 서구 지역사회보장협의체 민간위원장이 한국지역사회보장협의체(한지협) 창립 총회에서 중앙 회장으로 당선됐다. 한지협은 지난 12일 충북 오송에서 열린 창립 총회에서 장 교수이 중앙 회장으로 선출됐다고 밝혔다. 임기는 2023년 3월 31일 까지다. 지역사회보장협의체(지사협)는 사회보장급여 이용제공 및 수급권자 발굴에 관한 법률 제41조에 따라 설치된 기구다. 기초자치단체와 전국의 모든 읍면동에도 각 40인 이내 위원으로 조직돼 전국적으로 9만 5000명 회원이 활동 중이다. 지사협은 민관협치에 따른 복지사각지대 해소 활동을 비롯해 보건의료, 교육, 고용, 주거가 포함된 지역사회보장계획의 수립과 운영 등 지역의 사회보장 발전에 중추적인 역할을 하고 있다. 장 회장은 당선 인사말에서 “민·관 협력과 상생을 통해 지역사회복지발전을 위해 큰 역할이 주어짐에 기쁨과 함께 무거운 책임감을 느낀다”며 “지역사회의 복지사각지대 발굴에 앞장서 온 지사협 회원들의 정책공유와 교류 활성화에 힘쓰겠다”고 밝혔다. ",5분전,https://imgnews.pstatic.net/image/origin/022/2021/11/15/3637994.jpg?type=nf106_72,https://news.naver.com/main/read.naver?mode=LSD&mid=sec&sid1=102&oid=022&aid=0003637994,"장현 송원대 교수, 한국지역사회보장협의체 초대 중앙회장 선출"
26,102,"대구지역 기업들이 최근 가파르게 오른 원자재 및 유가와 물류비, 환율로 인해 삼중고를 겪는 것으로 나타났다. 원자재 가격과 유가 인상으로 영향을 받은 기업은 10곳 중 9곳에 이르는 것으로 조사됐다. 14일 대구상공회의소가 지역 기업 319곳을 대상으로 '물류비, 원자재·유가, 환율 상승에 따른 기업 영향'을 분석한 결과 원자재 가격과 유가 상승과 관련해서는 87.7%가 영향을 받고 있다고 답했다. 업종별로는 제조업(94.2%), 건설업(83.6%), 유통·서비스업(69.5%) 순으로 많았다. 대응 방법에 개해서는 34.6%가 원자잿값 상승에 '대책이 없다'고 했다. 이어 '원자재 구매처 다변화(32.1%)', '원자재 절감 노력(31.8%)', '원자재 외 원가절감(25.7%)', '납품 단가 조정(22.5%)' 등이 뒤를 이었다. 유가 상승 대응 방안과 관련해서도 '특별한 대책이 없다""는 응답이 69.3%를 차지했다. 물류비 상승에 대해서는 76.8%가 영향을 받고 있다고 답했다. 업종별로는 제조업(84.9%), 건설업(63.8%), 유통·서비스업(59.3%) 등의 순이었다. 물류비 상승 대응에 대해서는 54.7%가 '특별한 대책이 없다'고 답했고 '배송빈도 개선과 적재율 향상(26.1%), '체계적인 물류비 산정과 관리(16.3%)', '재고 줄이기(12.2%)' 등이 뒤를 이었다. 환율 상승으로 인한 영향을 묻는 질문에는 응답기업의 56.7%가 영향을 받고 있다고 밝혔다. 환율 상승과 관련, 특별한 대책을 마련하지 못한 기업도 절반(55.8%)에 달했다. 이재경 대구상공회의소 상근부회장은 ""상반기 큰 폭으로 상승한 물류비가 하반기에도 지속해서 상승하고 있어 기업 피해 규모가 점점 더 커지고 있다""며 ""물류비 절감을 위한 정부 차원의 대책과 원자재의 안정적인 수급을 위한 할당관세 적용 등 기업 손실 최소화 방안을 수립해야 한다""고 말했다. ",6분전,https://imgnews.pstatic.net/image/origin/022/2021/11/15/3637991.jpg?type=nf106_72,https://news.naver.com/main/read.naver?mode=LSD&mid=sec&sid1=102&oid=022&aid=0003637991,"대구 기업들, 원자재·물류비·환율 상승 ‘삼중고’"
27,102,"2019년 헝가리 유람선 침몰사고 당시 실종자 수색 작업을 벌인 박성인(사진) 소방장 등 119구조대원 20명이 ‘2021년 119구조대상’ 수상자로 선정됐다. 14일 소방청에 따르면 119구조대상은 인명구조·생활안전 분야 소방관에게 수여되는 상이다. 시행 첫해인 지난해 23명이 119구조대상을 받은 데 이어 올해는 전국 시·도소방본부에서 추천한 우수 구조대원 중 39명을 대상으로 공적심사를 실시해 20명을 최종 선정했다. 경기에서 3명, 서울에서 2명, 중앙119구조본부와 부산·대구·인천·광주·대전·울산, 강원·충북·충남·전북·전남·경북·경남·제주에서 1명씩 선정됐다. 이 중 중앙119구조본부 영남119특수구조대 소속의 박 소방장은 2010년부터 구조대원으로 활약했으며 헝가리 유람선 침몰사고 국제출동 등 다양한 재난에서 활약했다. 이들은 소방청장 표창과 함께 1계급 특별승진의 특전을 받는다. 시상식은 코로나19 확산 상황을 고려해 각 시·도 소방본부별로 실시된다. ",6분전,https://imgnews.pstatic.net/image/origin/022/2021/11/15/3637989.jpg?type=nf106_72,https://news.naver.com/main/read.naver?mode=LSD&mid=sec&sid1=102&oid=022&aid=0003637989,"소방청, ‘119구조대상’ 20명 선정… 1계급 특별승진"
28,102,"【파이낸셜뉴스 하남=강근주 기자】 애니메이션 타운이 하남에 조성될 가능성이 높아지고 있다. 국내 애니메이션 제작사 상당수가 하남 교산신도시로 기업이전을 적극 검토하고 있어서다. 하남시도 이에 발맞춰 기업부지 저가 제공 등 지원책을 다양하게 준비 중이다. 하남시는 11일 하남으로 기업이전을 검토 중인 (사)한국애니메이션제작자협회 회원사 대표들과 11일 간담회를 갖고 기업유치 방향 등에 대해 설명했다. 이번 간담회는 제작자협회 120여개 회원사 중 20여개 회원사가 교산신도시로 이전을 희망하면서 이뤄졌다. 제작자협회는 애니메이션 기획 및 전문 제작 기술력 구축으로 한국애니메이션 질적 향상과 보급 확대를 위해 1994년 창립했다. 이날 면담에는 김상호 시장과 기업유치 담당공무원, 신창환 한국애니메이션제작자협회 회장과 정길훈 부회장, 신희석 임원 등 8명이 참석했다. 김상호 시장은 “하남은 서울과 접하고 전국으로 통하는 고속도로망과 철도망을 갖춘 열린 도시이자 천혜 자연환경과 역사-문화를 간직한 도시로써 애니메이션 제작에 필요한 창의성을 북돋는 기업하기 좋은 도시”라고 설명했다. 또한 “애니메이션이나 웹툰 위상은 이제 영화에 버금가고, 국내 애니메이션은 K-컬쳐 대표주자 중 하나로 세계에서 인정받고 있다”며 “더 다채롭고 풍부한 문화 콘텐츠가 넘치는 문화도시 하남을 만들어 나가는데, 오늘 만남이 그 출발점이 되기를 기대한다”고 말했다. 신창환 회장은 이에 대해 “하남시 H3프로젝트와 교산지구 개발에 대한 설명을 듣고 많은 회원사가 기업이전을 통해 하남에 애니메이션 타운 조성을 적극 검토하고 있다”며 “이와 함께 애니메이션 산업 특성을 활용한 도시 디자인과 하남에 맞는 스토리 창출에도 기여할 수 있을 것”이라고 화답했다. 이날 간담회는 김상호 시장이 “하남에 있는 전국 최고의 하남애니메이션고교 학생들에게 꿈을 키울 수 있는 강연을 해달라”고 부탁하자, 제작자협회는 흔쾌히 강연을 수락하는 등 다양한 협업 가능성을 확인하는 자리가 됐다. 한편 하남시는 지난 10일 코로나19 진단시약과 장비로 연간 1조원 매출을 올리고 있는 분자진단 전문기업 ㈜씨젠과 업무협약을 맺고 하남 바이오헬스 클러스터 구축, 벤처펀드 조성-운영에 협력하기로 했다. ",6분전,https://imgnews.pstatic.net/image/origin/014/2021/11/15/4739448.jpg?type=nf106_72,https://news.naver.com/main/read.naver?mode=LSD&mid=sec&sid1=102&oid=014&aid=0004739448,"김상호 하남시장 “애니메이션타운 조성, 적극지원”"
29,102,"대구시와 광주시는 15일 오후 대구육상진흥센터에서 ‘2038년 하계아시안게임’ 대구·광주 공동유치준비위원회 출범식을 열고 대회 유치를 위한 여정을 시작한다. 시에 따르면 출범식은 ‘대구와 광주의 한마음을 싣고 나아갈 위대한 비상의 시작’을 주제로 대구·광주 지역 국회의원, 체육계, 각계 지역사회 대표 등 250여명이 참석해 비전과 기본방향을 공유하고 공동유치를 위해 연대하고 협력한다는 뜻을 모으는 자리로 마련됐다. 공동유치준비위원회 위원장은 권영진 대구시장·이용섭 광주시장·최상준 남화토건 회장·박영기 대구시체육회 회장이 각각 맡았다. 위원들은 국회의원을 비롯해 시의회, 기초자치단체, 체육계, 교육계, 경제계, 시민·사회단체 등 다양한 분야의 100명으로 구성됐다. 위원들은 하계아시안게임 유치를 위해 사회적 공감대를 형성하고 민관협력을 통해 본격적인 유치 활동을 펼친다. 출범식은 뮤지컬 갈라 콘서트와 대북 공연으로 막을 열고 광주·대구 시민의 힘찬 기운을 대북의 역동적인 울림과 웅장하고 힘 있는 북소리로 표현한다. 행사 하이라이트인 유니언 퍼포먼스는 두 도시 시민의 마음을 합쳐진 하트로 표현하며 참석자들은 공동유치 성공을 다짐한다. 권영진 대구시장은 “2038 하계아시안게임 공동 유치는 대한민국의 국가 위상과 도시브랜드 가치를 높이고 지역 균형발전과 경제 활성화, 스포츠 인프라 발전을 도모할 좋은 기회”라면서 “개최도시가 발표되는 2024년까지 유치를 위해 함께 노력하자”고 말했다. 이용섭 광주시장은 “달빛동맹으로 이어온 광주와 대구가 2038 아시안게임 공동유치에 나섬으로써 동서 화합을 이루는 국가적 전기를 마련했다”며 “모든 역량을 결집해 반드시 대회를 유치해 국제스포츠 도시 광주의 위상과 브랜드를 높여나갈 수 있도록 최선을 다하겠다”고 밝혔다. 아시안게임의 유치 일정은 내년 대한체육회 심의를 통한 국내 후보 도시 확정, 2023년 문화관광체육부·기획재정부 사전타당성 조사·심의, 2024년 유치신청서 제출, 현지 실사, 최종 개최도시 확정 순이다. ",6분전,https://imgnews.pstatic.net/image/origin/022/2021/11/15/3637988.jpg?type=nf106_72,https://news.naver.com/main/read.naver?mode=LSD&mid=sec&sid1=102&oid=022&aid=0003637988,‘2038 하계아시안게임’ 대구·광주 유치준비위 15일 출범
30,103,"대구 수성구 범물동에 위치한 진밭골은 대도시에서 찾기 어려운 산속마을이다. 이곳은 임진왜란과 병자호란을 피해 경주 최씨와 전주 최씨 일가들이 정착하면서 마을이 이루어졌다. 지금은 산책길이 조성되면서 많은 사람이 찾는 힐링의 공간이다. 진밭골은 대덕산과 용지봉 사이의 긴 골을 약 4km 따라가면 작은 마을이 나온다. 농지가 매우 질어서 논농사에 부적합하고 밭농사에도 마땅하지 않아 수전(水田), 또는 물밭이라고 부르다가 진밭이라고 이름을 지었다고 한다. 사실 진밭골은 전국 곳곳에 있다. 농사에는 적당하지 않은 계곡이라는 뜻이다. 범물동에 위치한 진밭골은 산에서 내려오는 바람으로 공기가 맑고 물이 좋기로 유명하다. 자연환경이 잘 보전된 지역으로 개발의 손길이 닿지 않은 아름다운 경관을 자연 그대로 느낄 수 있어 가족들이 함께 찾을 수 있는 도심 곁 숲속이다. 지금 진밭골에는 수성구 청소년수련원이 들어서 있고 주민들은 농사를 짓거나 이곳을 찾는 손님들을 대상으로 닭백숙을 파는 등 음식점이 들어서 있다. 하지만 아직 개발제한구역으로 묶여 있고 자연 그대로의 모습을 담고 있다. 진밭골을 가기 위해서는 승용차를 이용할 수도 있지만 걸어서 가야 제 맛을 느낄 수 있다. 도시철도 3호선 용지역에서 약 1km정도 걸어가면 진밭골 초입인 대덕지가 나온다. 이곳이 진밭골 힐링길의 첫 지점이라고 할 수 있다. 수성구는 지난해 진밭골 입구인 대덕지에서 진밭골 야영장, 백련사 입구, 삼림욕장 입구를 거쳐 수성구청소년수련원에 이르는 길이 4.2km 구간에 '진밭골 둘레길'을 조성했다. 진밭골 둘레길은 대덕지 수변공간 및 산림공원, 삼림욕장 등 산림휴양공간과 진밭골 내 계곡 등 자연생태공간을 연계해 자연친화적인 산책길로 조성돼 많은 시민들이 찾을 수 있도록 했다. 대덕지 주변과 가운데에는 산책로가 조성돼 있어 가볍게 돌아볼 수 있다. 가을의 대덕지 입구에는 구절초가 피어 있어 찾는 이들의 눈길을 사로잡는다. 대덕지를 오른쪽으로 끼고 돌면 진밭골 산림공원이 나온다. 대덕지에서 약 700m정도 걷다보면 진밭골 야영장이 나온다. 진밭골 야영장은 계곡 주변의 산을 깎아 조성한 곳으로 카라반, 오토캠핑장, 데크 등이 조성돼 있고 야영장 사이에 흐르는 계곡의 물이 어우러져 친화적 환경을 보여준다. 진밭골에 오르다보면 항상 맑은 계곡의 물소리를 들을 수 있다. 이곳은 웬만해선 가물지 않아 물소리는 계절을 가리지 않고 다양한 소리로 손짓한다. 계곡물 속에는 작은 물고기들이 움직이는 모습도 볼 수 있다. 예전에는 이곳에 가재도 나왔으나 지금은 꼭꼭 숨어 보이지 않는다. 수성구 용학도서관에서는 매월 짝수 토요일에 '친환경 진밭골 가족 생태체험'을 진행하고 있다. 생태체험을 통해 일회용품 줄이기, 채식위주의 음식 먹기 등 환경의 중요성을 일깨우고 있다. 이밖에도 숲해설가와 함께 하는 산행, 야간 천체관측 등 다양한 프로그램을 진행하고 있어 관심을 가져볼만 하다. 진밭골 야영장을 지나 다시 오르다보면 글쓴바위(걸친바위)가 나온다. 영험한 바위로 알려진 이 바위의 좌측 중간 부분에 글이 쓰여 있는데 지금은 훼손되고 흔적만 남아 있어 아쉬움이 남는다. 진밭골 주민들은 이 바위 옆에 ""도로를 설계할 때 이 바위를 비켜 설계해 달라""는 내용의 표지판을 세워두었다. 이 때문인지 바위는 그 자리를 지키고 있다. 진밭골에 오르는 길은 포장길이 있지만 숲으로 가는 길이 더욱 정겹다. 걸어서 간다면 반드시 숲 사이로 만들어진 길을 따라 가야 한다. 길이 약간의 경사가 있지만 그리 힘들지 않고 자연 속에 빠져들 수 있기 때문이다. 숲길은 진밭골 삼림욕장 입구까지 계속된다. 올라가는 길에는 잠시 쉬어갈 수 있는 의자와 벤치, 데크 쉼터도 있다. 길 옆에는 다양한 야생화들이 피어 있어 반가이 맞는다. 삼림욕장 입구에는 데크 계단이 조성돼 있다. 계단을 딛고 서 삼림욕장에 들어서면 숲속 향기와 바람이 어서 오라며 반갑게 맞는다. 진밭골의 나무들도 단풍으로 물들어가고 있다. 가을의 마지막 정취를 느끼기 위해 가까운 곳을 찾는다면 이곳을 꼭 와 보라고 하고 싶다. 진밭골은 사계절 새로운 옷을 갈아입고 찾아오는 사람들을 맞이하고 있다. ",3분전,https://imgnews.pstatic.net/image/origin/047/2021/11/15/2332689.jpg?type=nf106_72,https://news.naver.com/main/read.naver?mode=LSD&mid=sec&sid1=103&oid=047&aid=0002332689,"바람과 물소리를 들을 수 있는 도심 속 힐링공간, 대구 '진밭골 산책길'"
31,103,"석조전 음악회는 1918년 당시 피아노 연주자였던 김영환이 대한제국의 대표 건축물인 석조전에서 고종 황제가 지켜보는 가운데 피아노 연주를 했다는 기록을 바탕으로 2015년 처음 기획됐다. 지난 6월에 이어 두번째 개최되는 이번 음악회는 예년과 같이 금호문화재단이 공연 기획과 진행을 담당하며, 금호솔로이스츠 단원과 특별 손님이 출연한다. 바이올린 연주자 백주영, 비올라 연주자 이한나, 첼로 연주자 김민지, 피아노 연주자 김태형이 공연에 참여한다. 이들은 '덕수궁의 가을밤'이라는 주제로 슈만의 피아노 사중주 E-flat(이플랫) 장조와 수크의 피아노 사중주 a(에이)단조 제1번을 연주한다. 이달부터 시작된 단계적 일상회복(위드코로나)에 맞춰 누구나 이번 음악회에 참여할 수 있으나, 실내 행사 현장 대응 지침에 따라 관람인원을 40명으로 제한한다. 호흡기 유증상자나 체온 37.5도 이상인 자는 참여할 수 없다. 현장 관람하지 못하는 사람들을 위해 문화재청 유튜브에서 생중계도 이뤄진다． ",6분전,https://imgnews.pstatic.net/image/origin/022/2021/11/15/3637993.jpg?type=nf106_72,https://news.naver.com/main/read.naver?mode=LSD&mid=sec&sid1=103&oid=022&aid=0003637993,덕수궁서 24일 ‘석조전 음악회’… 유튜브서 생중계
32,103,"국립고궁박물관이 ‘인사동 출토유물 공개전’의 유물들을 주제로 창작한 음악과 영상을 14일 유튜브에서 공개했다. 지난 3일 개막한 인사동 출토유물 공개전은 지난 6월 서울시 인사동에서 출토된 유물 1755점을 공개하는 전시다. 금속활자 1600여점을 비롯해 해·별을 관측해 시간을 측정하는 일성정시의, 자동 물시계 부속품 등 조선 전기 과학기술의 면모를 살필 수 있는 유물을 12월30일까지 전시한다. 박물관은 전시에서 공개되는 유물의 의미를 담은 창작 음악을 선보이기 위해 음악가 박다울(사진)씨에게 작곡을 의뢰해 공연 영상을 제작했다. 각종 국악 경연에서 기량을 인정받고 대중적 인지도를 가진 박다울씨는 금속활자들과 별을 보며 시간을 측정하는 일성정시의를 바탕으로 ‘뿡’이란 작품을 창작했다. 이번 공연에서 작사·작곡·거문고 연주를 맡았다. 노래는 최여완과 같이 불렀다. 박물관 관계자는 “앞으로도 우리 문화유산을 기반으로 다양한 창작예술을 기획하여 문화유산이 국민에게 좀 더 가깝게 다가갈 수 있도록 끊임없이 노력할 것”이라고 전했다. ",6분전,https://imgnews.pstatic.net/image/origin/022/2021/11/15/3637990.jpg?type=nf106_72,https://news.naver.com/main/read.naver?mode=LSD&mid=sec&sid1=103&oid=022&aid=0003637990,인사동 출토유물 주제 창작 음악 유튜브서 공개
33,103,"부천필하모닉오케스트라는 11월 26일 예술의전당 콘서트홀에서 제283회 정기연주회 <흑해의 별>을 개최한다. 장윤성 상임지휘자 지휘로 무소륵스키 ‘민둥산의 하룻밤’, 차이콥스키 피아노 협주곡 제1번, 림스키-코르사코프 ‘세헤라자데’를 연주한다. ‘민둥산의 하룻밤’은 ‘민둥산의 성 요한제의 밤’이란 원제를 가지고 있으며 음악을 회화적으로 표현한 교향시. 성 요한제의 밤 전날, 마녀와 귀신들이 민둥산에 모여 악마를 위한 술잔치를 벌이는 정경을 담고 있는 이 작품은 본래 오페라를 목적으로 작곡되었지만 우여곡절 끝에 림스키-코르사코프가 관현악으로 편곡하며 세상에 빛을 보게 되었다. 스산한 선율로 시작하여 곧 압도적으로 터져 나오는 격렬한 사운드는 광란에 휩싸인 지옥의 잔치를 생생하게 묘사한다. 차이콥스키 피아노 협주곡 제1번은 가장 유명한 피아노 협주곡에 손꼽힌다. 러시아 음악의 우아하고 정열적인 선율과 애수에 젖은 서정성을 고스란히 느낄 수 있다. 2021 몬트리올 국제 콩쿠르에서 동양인 최초 우승을 거머쥔 피아니스트 김수연이 협연한다. 프로그램의 마지막 ‘세헤라자데’는 아라비안나이트로도 알려진 ‘천일야화’를 바탕으로 한 교향시. 이국적인 정취와 러시아 낭만주의의 풍부한 음악적 색채가 결합한 것이 인상적이다. 장윤성 지휘자는 “림스키-코르사코프의 ‘세헤라자데’는 누구나 알고 있는 주제를 작곡가가 너무나도 잘 풀어낸 이야기다. 그의 관현악 기법이 승리한 명작”이라며, “자주 연주되는 프로그램이니만큼 음색, 다이내믹, 템포 등에서 연주자만의 색이 필요하다. 대편성의 프로그램도 뛰어난 기량으로 해석해온 부천필이라면 분명 완성도 높은 연주를 이끌어 낼 것임을 확신하여 이 곡을 선곡했다”고 밝혔다. ",7분전,https://imgnews.pstatic.net/image/origin/022/2021/11/15/3637982.jpg?type=nf106_72,https://news.naver.com/main/read.naver?mode=LSD&mid=sec&sid1=103&oid=022&aid=0003637982,"부천필, 26일 제283회 정기연주회 ‘흑해의 별’ 개최"
34,103,"고 이건희 삼성전자 회장이 평생 모은 국보급 미술품들을 내년부터 전국에서 만나볼 수 있다. 국립현대미술관은 내년 상반기 국립중앙박물관과 공동 주최하는 ‘이건희 컬렉션’ 기증 1주년 전시 이후 지역미술관 순회전시를 개최한다고 14일 밝혔다. 내년 2회, 2023년 4∼6회, 2024년 3회 등 10회 안팎의 순회전을 열고, 이건희 컬렉션의 핵심 내용을 소개할 예정이다. 국립현대미술관은 이건희 컬렉션 1488점의 작가명·작품명·제작연도·재료·기법 등을 연구해 내년 말까지 작품 등록을 마칠 방침이다. 온라인 서비스를 위해 작품의 고화질 촬영·보정, 저작물 이용 허락 확보, 설명문 작성 등을 진행하고 있다. 2023년 1월부터는 순차적으로 작품을 누리집에서 공개한다. 조사연구를 완료한 기증작품들은 2027년 개관을 목표로 설립되는 ‘이건희 기증관’(가칭)에 인계한다. 이후 운영에 있어 체계적인 소장품 관리·활용이 원활히 추진될 수 있도록 적극 협력할 계획이다. 서울 종로구 송현동(사진)에 건립되는 이건희 기증관은 국립현대미술관과 국립중앙박물관에 나눠 기증된 2만3000여점을 한데 모아 소장·관리한다. ",7분전,https://imgnews.pstatic.net/image/origin/022/2021/11/15/3637979.jpg?type=nf106_72,https://news.naver.com/main/read.naver?mode=LSD&mid=sec&sid1=103&oid=022&aid=0003637979,‘이건희 컬렉션’ 2022년부터 전국 순회전
35,103,"‘춤’을 이용한 무용 치료가 파킨슨병 증상을 호전시키고, 우울증 개선에도 도움이 된다는 연구 결과가 나왔다. 고려대 구로병원 뇌신경센터 고성범(사진) 교수 연구팀은 전문무용수지원센터와 함께 이상운동장애 클리닉을 방문한 파킨슨병 환자를 대상으로 6개월간 펠든크라이스 기법을 적용한 무용 치료를 진행하여 이 같은 결과가 나왔다고 밝혔다. 대상 환자들은 약물치료를 병행하면서 6개월간 주 1회 무용 치료를 받았다. 연구팀은 치료 경과 3개월, 6개월 시점과 치료가 끝난 후 6개월이 지난 시점에 환자들의 파킨슨병 운동 및 비운동 증상을 비교 분석했다. 그 결과 운동장애의 정도를 나타내는 ‘통합파킨슨병 운동 척도검사’에서는 처음 무용 치료를 시작한 후 6개월 동안 약물 용량의 증가 없이도 증상이 호전됐으며, 무용 치료 중단 후 6개월이 경과하자 증상이 다시 악화됐다. 보행장애의 정도를 보여주는 ‘보행분석 검사’에서는 보행 속도가 빨라지고, 보폭의 길이가 길어지는 등 보행이 개선되는 결과가 나타났다. 균형 유지 능력도 무용 치료 기간 동안에 유지되다가 치료 종료 후 증상이 악화됐다. 비운동 증상에서도 긍정적인 효과를 보였다. 비운동증상 지표(NMSS)와 우울증 등급 척도(MADRS), 파킨슨병 설문지(PDQ-39) 등의 척도는 치료 기간 중 지속해서 감소하다가 무용 치료 중단 이후 급격히 증가했다. 파킨슨병은 뇌 신경계 퇴행성 질환으로 치매, 뇌졸중과 함께 노인성 3대 질병으로 꼽힌다. 국내 60세 이상 노인의 1∼1.5%가 파킨슨병을 앓고 있으며 노인 인구가 늘어나면서 발병률도 높아지고 있다. 움직임이 느려지거나 떨리고, 사지가 뻣뻣해지거나 몸이 엉거주춤하게 굽는 것이 대표적인 증상이다. 우울증, 수면장애 등이 동반되는 것이 특징이다. 고성범 교수는 “이번 연구는 무용 치료가 파킨슨병의 주된 증상인 경직, 서동증 등의 감소와 보행장애를 개선시키고 우울증 및 삶의 질 개선 등의 측면에서도 유의한 효과가 있음을 증명했다”며 “무용 치료가 파킨슨병의 보완요법의 하나로 활용될 가능성을 확인할 수 있었다”고 밝혔다. 이번 연구는 국제 학술지인 ‘운동장애 저널(Journal of Movement Disorders)’에 게재됐다. ",8분전,https://imgnews.pstatic.net/image/origin/022/2021/11/15/3637971.jpg?type=nf106_72,https://news.naver.com/main/read.naver?mode=LSD&mid=sec&sid1=103&oid=022&aid=0003637971,"약물+춤 이용한 무용치료, 파킨슨병·우울증 개선 도움"
36,103,"트로트가수 이찬원씨가 고속도로에서 갑자기 시동이 꺼져 위기에 처한 일가족들을 도와 준 사실이 뒤늦게 알려져 주위를 훈훈하게 하고 있다. 지난달 31일 온라인 커뮤니티 네이트 판에는 ‘가수 이찬원씨 정말 감사했습니다!!'라는 제목의 글이 올라왔다. 해당 글을 쓴 A씨에 따르면 남편과 30개월 된 아이 등 세가족이 양양에 있는 외할머니를 만나러 가던 도중 영동고속도로 횡성휴게소(강릉 방향)를 1㎞ 앞둔 상황에서 차의 시동이 꺼져버렸다고 한다. A씨는 “갓길이 유난히 좁아 3차선에 절반가량 걸친 채로 정차해 있었다”며 “속도를 내며 달려오는 차들로 인해 여러 번의 접촉 위험이 발생했다”고 당시를 회상했다. 급기야 4중 추돌이 이어질 뻔한 아찔한 상황이 연출됐고, A씨의 남편은 급정차한 차량 운전자에게 A씨와 아기를 횡성휴게소까지 태워달라고 부탁했다. 차량에 있던 사람들은 흔쾌히 차량 탑승을 허락한 것은 물론 남편에게도 조심하라는 말도 잊지 않았다고 한다. 우는 아이를 달래려고 급하게 휴게소에 들어온 A씨는 자신을 태워준 일행에게 사례 하겠다며 연락처를 달라고 했지만 오히려 따뜻한 음료 두 병을 받았다며 “이 은혜 절대 잊지 않고 베풀며 살겠다. 항상 응원하겠다”고 밝혔다. ",56분전,https://imgnews.pstatic.net/image/origin/087/2021/11/15/868305.jpg?type=nf106_72,https://news.naver.com/main/read.naver?mode=LSD&mid=sec&sid1=103&oid=087&aid=0000868305,"트로트가수 이찬원, 영동고속도로서 선행 화제"
37,103,"강원일보가 디지털 공간에서 새 장을 연다. 이미 2년 전부터 네이버와 뉴스콘텐츠(CP) 제휴를 맺고 전국 독자 150만명 시대를 눈앞에 둔 강원일보는 카카오뉴스(다음·daum)와 제휴 체결, 통합 콘텐츠매니지먼트서비스(CMS) 및 웹콘텐츠관리스템(WCMS) 도입, 메타버스 분야 진출 등의 성과들을 바탕으로 ‘뉴디지털 서비스 시대'를 열어간다. 강원일보는 2019년 9월 신문과 방송을 통틀어 지역언론 중 처음으로 ‘네이버 모바일 뉴스 채널'에 입점, 뉴스 콘텐츠 제휴를 맺었다. 이를 매개로 지난 2년간 강원도의 이슈들을 전국에 확산시켜 온 강원일보는 전국 각지에서 모바일을 통해 신청한 구독자가 140만명을 넘어섰고 조만간 150만명을 돌파하게 된다. 올 10월 한달간 강원일보 기사 조회수가 1,359만건에 달했다. 국민 5명 중 1명이 강원일보 기사를 읽은 셈이다. 지난달 카카오뉴스(다음·daum)와도 제휴를 맺은 강원일보는 전국 3,000만 디지털 독자들에게 지역의 이슈들을 알려 나갈 계획이다. 이를 위해 강원일보는 올 9월부터 내부 시스템에 대한 전면 교체를 단행, 오는 12월 통합 CMS 도입을 완료한다. 기자들이 작성한 18개 시·군의 기사들이 신문 제작 채널과 동시에 디지털로 전환돼 네이버·다음 등의 포털사이트, 강원일보 홈페이지(앱 포함), 각종 SNS를 통해 오픈되는 시스템이다. 10억여원의 예산이 투입되는 이번 강원일보 시스템 개편작업은 디지털 시대를 맞아 강원도 각지에서 일어나는 현장 모습들을 발 빠르게 독자들에게 전달, 이슈화시키고 지역 현안들을 해결할 수 있도록 하기 위함이다. 최종적으로 WCMS 체제까지 완료되면 강원일보는 최고 단계의 디지털 뉴스체제를 갖추게 된다. 또 이를 효율적으로 운영하기 위한 내부 조직변화도 추진 중이다. 디지털 독자 개개인이 보고 싶은 기사를 공급받을 수 있는 ‘AI시스템'을 도내 언론사 중 유일하게 갖추고 있는 강원일보는 이를 통해 독자 맞춤형 뉴스 콘텐츠 생산 연구에도 착수했다. 2020년 세계적 IT기업인 구글(Google)로부터 ‘지역 유일의뉴스 협력 언론사'로 선정돼 이 같은 시스템을 구축함에 따라 내년부터는 뉴스 제공 방식이 새롭게 변화된다. 지난달 18일에는 강원정보문화진흥원과 업무협약을 체결하고 메타버스(Metaverse) 등을 활용한 4차 산업혁명 기술 및 인프라 구축에도 나섰다. 현재 강원일보 내부에서는 메타버스를 활용한 회의가 주 1회씩 진행 중이다. 한편 네이버와 카카오 입점·제재를 심사하는 뉴스제휴평가위원회는 지난 12일 회의를 열고 포털 입점이 어려운 지역매체들에 대한 특별심사를 실시, 전국 8개사를 선정했다. 이들은 강원일보 등 기존 입점 매체들과는 다르게 3개월마다 평가를 받아 그 결과 입점 요건을 충족하지 못하면 즉시 계약이 해지된다. ",58분전,https://imgnews.pstatic.net/image/origin/087/2021/11/15/868249.jpg?type=nf106_72,https://news.naver.com/main/read.naver?mode=LSD&mid=sec&sid1=103&oid=087&aid=0000868249,강원일보 포털뉴스 구독자 ‘150만명' 눈 앞 뉴디지털 시대 새 장 연다
38,103,"“제 고향 강원도는 음악 페스티벌이 펼쳐지는 세계의 그 어떤 곳보다 아름답고 포근한 곳입니다.” 임 소프라노가 지난 13일 평창 알펜시아콘서트홀을 찾아 평창대관령음악제 연중 프로그램인 ‘강원의 사계' 7번째 메인공연을 펼쳤다. 이날 오페라와 뮤지컬을 넘나드는 노래를 들려주며 관객들에게 ‘귀호강'을 선사했다. 아시아의 종달새로 불리며 세계 클래식 무대에서 활동하는 그는 2015년 뮤지컬‘팬텀' 한국 초연부터 함께했다. 올해 세 번째 팬텀 ‘크리스틴 다에' 역을 맡았고 다음 달 팬텀의 실황 영화도 개봉한다. 평소 좋아하는 노래를 모았다는 이날 공연에는 곧 개봉하는 ‘팬텀'의 곡도 넣어 더 큰 환호를 받았다. 건반악기연주자 세바스티안 비난트, 첼리스트 이호찬에 이어서 피아니스트 에드윈 킴이 깜짝 등장, 노래로 임 소프라노와 호흡을 맞춰 눈길을 끌기도 했다. 임 소프라노는 강원일보와의 인터뷰에서 “성악가로서 팬텀이라는 뮤지컬을 경험한 것은 음악인생에 가장 큰 이벤트였다. 오페라와 뮤지컬의 공통점, 차이점을 몸으로 느낄 수 있는 소중한 시간이었다. 그런 시간을 기념해 그 장르를 넘나들었던 작곡가 번스타인, 거슈윈 등의 음악을 모아 불러보고 싶다는 생각이 이번 공연의 출발”이라고 소개했다. 그는 또 “월말에는 이날 공연에서 들려드린 곡으로 음반 녹음을 진행한다. 음반 작업 전 이날 처음으로 곡을 공개한 것”이라고도 귀띔했다. 임 소프라노는 다음 달 폴란드, 프랑스 공연에 이어 제야음악회를 위해 다시 귀국하는 바쁜 일정을 앞두고 있다. 철원이 고향인 그는 “올 추석에도 조부모님 묘소에 벌초할 겸 철원을 찾았다. 20년이 넘게 외국 생활을 하고 있고, 연주여행으로 이동이 잦은 삶이다 보니 나의 뿌리에 대한 생각이 깊어진다. 맑고 수려한 강이 흐르는 고향 철원은 문화, 역사적으로도 유서 깊은 곳이어서 외국 친구들에게도 꼭 보여주고 싶은 곳이 됐다”고 말했다. 그의 가치관이 궁금했다. 임 소프라노는 “인생이 행복할 때 기쁘거나 슬픈 표현이 더 자유롭게 된다고 생각한다. 행복할 때만 음악을 할 수는 없지만 삶을 기쁘게 하는 방법을 끊임없이 찾고 있다. 새로운 것을 배우는 데에서 오는 에너지로 즐겁게 살려고 하고 이는 음악에도 좋은 영향을 주리라 믿는다”고 답했다. 또 임선혜 소프라노는 “노래를 오래 잘하는 것이 꿈이다. 지난 20여년 동안 많은 것을 이뤄 왔는데 이제 더 올라가는 것보다 유지하는 것이 어렵겠다 생각한다. 허황된 꿈을 꾸기보다는 타고난 재능에 노력을 더해 이룰 수 있는 만큼의 최선을 다하는 삶을 살고 싶다”고 했다. ",59분전,https://imgnews.pstatic.net/image/origin/087/2021/11/15/868187.jpg?type=nf106_72,https://news.naver.com/main/read.naver?mode=LSD&mid=sec&sid1=103&oid=087&aid=0000868187,[문화인터뷰]“아름다운 고향처럼 좋은 에너지 음악에 실으려 해”
39,103,"춘천미술연합회 ‘아우름'이 기획한 ‘요람에서 무덤까지'展이 오는 29일까지 춘천문화예술회관에서 펼쳐진다. 삶 전반에 걸쳐 이어지는 예술가의 여정이 고스란히 담겼다. ‘예술가의 생애'를 타이틀로 내건 이번 전시는 지역미술의 과거와 현재, 미래를 가늠한다. 일제강점기에 활동한 작고 작가부터 현재 춘천에서 작업 중인 청년작가에 이르기까지 수 많은 세계가 관계를 맺는 자리다. 아우름은 서로 다른 시간의 접속성을 시도, 몇 개월의 과정을 거쳐 다양한 세대의 작가들을 섭외했다. 이에 이른 나이에 요절한 민태응 작가와 이권형 작가를 비롯해 지역미술에 한 획을 그은 이판석, 박희선 등 거장들을 한자리에 모았다. 한동안 유입되지 않았던 청년 작가들의 작품도 전시, 신진 작가들의 다양한 영역도 풀어냈다. 이번 기획전에서 눈여겨볼 만한 점은 작가들이 1대1로 매치됐다는 점이다. 시공간을 넘어 서로를 이해하고 지역미술의 새로운 방향성을 제시하려는 의도를 읽을 수 있다. 협회와 단체 등 각각의 맥락으로 이어져 온 흐름에서 탈피, 상호 간의 교류를 통한 미술 해석의 확장도 느껴진다. ‘춘천미술, 요람에서 무덤까지'는 공간 한켠에 참여형 프로그램인 ‘아뜰리에, 천개의 달'도 운영한다. 지역 미술가들의 작품 300여점이 있는 장소에 관람객이 직접 참여한 700여점의 작품을 거는 방식이다. 전시가 마무리되는 29일에는 총 1,000개의 작품이 한데 자리하는 풍경이 만들어진다. 정현경 큐레이터는 “부족하지만 이 전시가 작고 작가와 신진 작가에 대한 지속적인 연구 및 발굴 작업을 펼쳐나가는 계기가 되길 바란다”고 말했다. ",59분전,https://imgnews.pstatic.net/image/origin/087/2021/11/15/868186.jpg?type=nf106_72,https://news.naver.com/main/read.naver?mode=LSD&mid=sec&sid1=103&oid=087&aid=0000868186,춘천 미술의 과거·현재·미래
40,104,"(테헤란=연합뉴스) 이승민 특파원 = 14일(현지시간) 이란 남부 호르무즈건주에서 규모 6.4, 6.3 지진이 바로 잇따라 발생했다. 테헤란대학교 부설 이란지진센터에 따르면 이날 오후 3시 37분 4초 반다르-압바스 북북서쪽 44㎞ 지점에서 규모 6.4의 지진이 일어났다. 1분여 뒤인 이날 오후 3시 38분 38초 같은 지점에서 규모 6.3의 지진이 다시 관측됐다. 미국 지질조사국(USGS)은 이날 비슷한 시각 같은 지역에서 규모 6.3과 6.0의 지진이 일어났다고 발표했다. 반관영 메흐르 통신은 현지 적신월사를 인용해 이번 지진으로 1명이 숨지고, 8명이 다쳤다고 보도했다. 국영 IRIB 방송은 정부가 호르무즈건주에 구조팀을 급파하고 피해 규모를 파악하고 있다고 전했다. SNS에는 반다르-압바스에서 전신주가 넘어져 부상자가 병원으로 옮겨지고 겁에 질린 주민들이 건물 밖으로 대피하는 모습이 담긴 영상이 올라왔다. 진원에서 약 300㎞ 떨어진 케르만주에서도 많은 사람이 흔들림을 느낀 것으로 전해졌다. 진원은 이란 유일의 원자력 발전소인 부셰르 원전과 약 500㎞ 거리다. 수도 테헤란과는 1천㎞ 넘게 떨어져 있다. UAE 국립기상센터는 트위터를 통해 ""UAE 북동부에서 지진이 감지됐으나, 큰 영향은 없다""고 밝혔다. 1990년 이란 북부 지역에서 규모 7.4의 강진이 발생해 4만 명이 사망하기도 했다. ",4분전,https://imgnews.pstatic.net/image/origin/001/2021/11/15/12792235.jpg?type=nf106_72,https://news.naver.com/main/read.naver?mode=LSD&mid=sec&sid1=104&oid=001&aid=0012792235,"이란 남부서 규모 6대 지진 잇따라…""1명 사망·8명 부상""(종합2보)"
41,104,"Hungarian Prime Minister Viktor Orban, Chairman of the ruling Hungarian Fidesz party, reacts to the applause as he takes to the stage to addresses the 29th congress of Fidesz in Budapest, Hungary, Sunday, Nov. 14, 2021. The inscription reads: ""For us Hungary is first"". (Szilard Koszticsak/MTI via AP) ",5분전,https://imgnews.pstatic.net/image/origin/077/2021/11/15/5384179.jpg?type=nf106_72,https://news.naver.com/main/read.naver?mode=LSD&mid=sec&sid1=104&oid=077&aid=0005384179,Hungary Politics
42,104,"Drivers take part in a parade prior the Brazilian Formula One Grand Prix at the Jose Carlos Pace racetrack in Sao Paulo, Brazil, 14  November 2021.  EPA/Sebastiao Moreira ",6분전,https://imgnews.pstatic.net/image/origin/091/2021/11/15/9063236.jpg?type=nf106_72,https://news.naver.com/main/read.naver?mode=LSD&mid=sec&sid1=104&oid=091&aid=0009063236,BRAZIL FORMULA ONE GRAND PRIX
43,104,"(워싱턴=연합뉴스) 백나리 특파원 = 미국을 방문한 최종건 외교부 1차관은 14일(현지시간) 종전선언 추진과 관련해 ""지금 연말 국면이고 조만간 좋은 결과가 있지 않을까 싶다""고 말했다. 최 차관은 이날 미 워싱턴DC 인근 덜레스공항에서 취재진과 만나 한미 간 종전선언 논의와 관련해 ""종전선언 추진에 있어 한미 간에 이견이 없고 이것을 언제, 어떻게 하는 방법론을 논의하고 있는 것""이라며 이렇게 밝혔다. 그는 이어 ""물론 가장 중요한 것은 한미가 방법론에 관련해 소위 이견 없이 합의하는 것""이라며 ""조만간 결과가 있을 것 같고 그러고 나서 북에 제안하는 것""이라고 설명했다. 최 차관은 종전선언 문안 조율 등에 있어 상당 부분 진척이 된 것인지에 대한 질문에 이번 방미에서 그간 논의된 것을 한 번 더 짚어볼 것이라면서 ""중요한 것은 북한의 반응이고 그걸 어떻게 유도하고 견인하느냐는 또 다른 숙제의 영역""이라고 말했다. 지금까지 진척된 상황으로 볼 때 북한이 긍정적으로 반응할 여지가 있겠느냐는 질문에는 ""쉽게 장담할 수는 없다""며 ""어떤 것들은 조금 이렇게, 블랙박스에 넣어놓고 저희는 저희 나름대로의 일을 하면 되는 것""이라고 답변했다. 대북 인도적 지원과 관련해서는 ""소통을 얼마만큼 켜켜이 쌓아가느냐의 문제""라며 ""충분히 쌓아놨고 충분히 이제 진전할 상황이 되었으니 중요한 건 정치적 결단일 것""이라고 말했다. 최 차관의 발언으로 미뤄보면 종전선언을 둘러싸고 이뤄져 온 한미 간 논의가 막바지에 이른 것으로 관측된다. 한미가 조만간 조율된 결과를 토대로 북한을 협상 테이블로 끌어내는 작업에 본격 착수할지 주목된다. 정부는 종전선언을 통한 북한과의 대화 재개를 추진하며 미국과 협의를 이어왔다. 제이크 설리번 백악관 국가안보보좌관은 지난달 말 종전선언과 관련한 질문에 ""우리는 각각의 조치를 위한 정확한 순서 또는 시기, 조건에 다소 다른 관점을 갖고 있을지도 모른다""고 언급, 한미 간 온도차가 있는 것 아니냐는 해석이 나왔다. 최 차관은 16일 웬디 셔먼 미 국무부 부장관과 회담하고 17일엔 한미일 외교차관 회담을 한다. 방미 중 한일 외교차관 회담도 예정돼 있다. ",6분전,https://imgnews.pstatic.net/image/origin/001/2021/11/15/12792234.jpg?type=nf106_72,https://news.naver.com/main/read.naver?mode=LSD&mid=sec&sid1=104&oid=001&aid=0012792234,"외교1차관, 종전선언에 ""조만간 좋은 결과 있지 않을까 싶다"""
44,104,"Sinterklaas arrives in a boat in Amsterdam, The Netherlands, 14 November 2021. The Sinterklaas entry will take place in the canals for the first time this year, in a modified form due to the coronavirus pandemic.  EPA/EVERT ELZINGA ",10분전,https://imgnews.pstatic.net/image/origin/091/2021/11/15/9063235.jpg?type=nf106_72,https://news.naver.com/main/read.naver?mode=LSD&mid=sec&sid1=104&oid=091&aid=0009063235,NETHERLANDS TRADITIONS SINTAKLAAS
45,104,"미국 CNN 방송 등 외신은 지난 13일(현지시간) 유타주에 거주하는 초등학생 이저벨라 티슈너(10)가 지난 6일 극단적 선택을 했다고 보도했다. 유족 측 변호인에 따르면 자폐증을 앓던 티슈너는 평소 동급생들로부터 괴롭힘을 당했고, 가족이 이에 대해 학교 측에 불만을 제기했으나 반복적으로 무시당한 것으로 알려졌다. 부모님은 티슈너가 괴롭힘을 당하고 있다는 사실을 지난 9월에서야 알게 됐다. 티슈너가 학교에 섬유 탈취제를 가져가는 것을 알게 된 부모님이 이유를 묻자, 티슈너는 ""친구들이 '냄새가 난다'고 놀렸다""고 말했다. 티슈너는 교사의 지시로 교실 뒤편에 혼자 떨어져 앉아야 했고, 친구들은 티슈너에게 반복적으로 흑인을 비하하는 단어를 쓰며 괴롭힌 것으로 전해졌다. 티슈너의 부모는 담임 교사에게 민원을 제기해달라고 요청하는 등 학교에 여러 차례 찾아갔으나, 학교 측은 별다른 조치를 취하지 않았다. 한편 미국프로농구(NBA)의 유타 재즈는 지난 11일 경기 도중 티슈너의 죽음을 애도하는 행사를 진행하기도 했다. ",10분전,https://imgnews.pstatic.net/image/origin/277/2021/11/15/4999277.jpg?type=nf106_72,https://news.naver.com/main/read.naver?mode=LSD&mid=sec&sid1=104&oid=277&aid=0004999277,"""너 냄새나""…동급생에 괴롭힘당한 美 10세 소녀 결국 '극단 선택'"
46,104,"Polish servicemen guard an area near the barbed wire fence where migrants gather at the Belarus-Poland border near Grodno, Belarus, Sunday, Nov. 14, 2021.Poland's prime minister says Poland, Lithuania and Latvia are considering asking NATO for emergency talks as they struggle to manage a tense standoff on their borders with Belarus. The EU nations say Belarus is orchestrating a migrant crisis on their borders in retaliation for EU sanctions on Belarus for cracking down on democracy protesters. (Oksana Manchuk/BelTA pool photo via AP) ",11분전,https://imgnews.pstatic.net/image/origin/077/2021/11/15/5384178.jpg?type=nf106_72,https://news.naver.com/main/read.naver?mode=LSD&mid=sec&sid1=104&oid=077&aid=0005384178,Migration Poland Belarus
47,104,"Skiers ride a ski lift at sunset during an alpine ski, men's World Cup parallel event, in Lech/Zuers, Austria, Sunday, Nov. 14, 2021. (AP Photo/Alessandro Trovati) ",11분전,https://imgnews.pstatic.net/image/origin/077/2021/11/15/5384177.jpg?type=nf106_72,https://news.naver.com/main/read.naver?mode=LSD&mid=sec&sid1=104&oid=077&aid=0005384177,Austria Alpine Skiing World Cup
48,104,"(워싱턴=뉴스1) 김현 특파원 = 최종건 외교부 1차관은 14일(현지시간) 종전선언과 관련, “조만간 좋은 결과가 있지 않을까 싶다”라고 말했다. 최 차관은 이날 오전 워싱턴 덜레스 국제공항에서 특파원들과 만난 자리에서 ‘종전선언에 대한 진전이 있느냐’는 질문에 “지금은 연말 국면”이라며 이렇게 말했다. 그는 “종전선언 추진에 있어선 한미간 이견이 없다”면서 “이것을 언제, 어떻게 하는 것의 방법론을 논의하고 있다”고 강조했다. 그는 “물론 가장 중요한 것은 한미가 방법론에 관련해서 이견 없이 합의하는 것이다. 조만간 결과가 있을 것 같다”면서 “그리고 나서 이제 북한에 제안하는 것이다. 결국은 종전선언이라는 것은 상대가 있는 것이기 때문이다. 그 가는 길에 있다”고 밝혔다. 최 차관은 미국·일본 외교차관과의 양자회담 및 3자 협의회를 위해 미국을 방문했다. 오는 16일 한미 외교차관 회담을 가진 데 이어 17일 한미일 외교차관 협의를 가질 예정이다. 한일 외교차관 회담도 갖는다. 한미일 외교차관 협의회는 지난 7월 이후 4개월 만에 열린다. 그는 한미일 협의회에서 기후, 공급망 등 글로벌 문제와 미얀마 등 아세안 문제 등을 논의하는 것과 더불어 한반도 문제와 관련해 “평화 프로세스의 동력과 모멘텀을 더 확보하고 추동하기 위한 한미, 한미일 간의 협의 내용들을 다시 한 번 점검해 보고, 더 많이 할 수 있는 것들은 없는지, 지금 연말 상황이 돼 가니까 그 상황을 어떻게 더 안정적으로 관리할 수 있을지 봐야 될 것 같다”고 설명했다. 그는 ‘한미간 조율의 결과가 나올 수 있느냐’는 물음에 “결과가 공개 될지, 안 될지는 장담할 수 없다”며 “그것은 제가 당국자로선 할 순 없다”고 했다. 최 차관은 종전선언 문안 조율에 대해선 “이제 제가 왔으니 그간 했던 것을 한 번 더 짚어볼 것”이라며 “(노규덕 한반도평화교섭)본부장과 성 김 미 국무부 대북특별대표 등등이 협의했던 것을 한미 차관 회의에서 좀 논의할 수 있을 것”이라고 말했다. 그는 다만 “중요한 것은 북한의 반응”이라며 “그것을 어떻게 유도하고 견인하느냐는 또 다른 숙제의 영역이다. 그것을 한 번 보려고 한다”고 했다. 그는 ‘북한이 긍정적 반응 가능성’에 대해선 “그것을 저희가 쉽게 장담할 순 없다”면서 “어떤 것들은 블랙박스에 넣어놓고 저희는 저희 나름대로의 일을 하면 되는 것”이라고 밝혔다. 최 차관은 대북 인도적 지원과 관련해선 “인도적 지원이라고 하는 것은 아시다시피 유엔 제재도 있고, 그것보다 더 촘촘한 미국 제재도 있다”며 “이런 것들은 소위 소통을 얼마만큼 켜켜이 쌓아 가느냐의 문제다. 충분히 쌓아놨고 충분히 이제 진전할 상황이 됐으니 중요한 것은 정치적 결단일 것”이라고 말했다. 최 차관은 한미일 외교차관 협의회가 오는 15일 미중 정상회담 이후 열리는 것과 관련해 미측이 정상회담의 결과를 우리측에 설명하겠느냐는 질문에 “그것은 당연한 것”이라며 “소위 중국이든 누구든 간에 미국이 중요한 외교 사안 같은 것은 저희가 거의 다 서로 공유한다. 이번에도 저는 그게 변함 없을 것이라고 본다”고 답했다. ",17분전,https://imgnews.pstatic.net/image/origin/421/2021/11/15/5723193.jpg?type=nf106_72,https://news.naver.com/main/read.naver?mode=LSD&mid=sec&sid1=104&oid=421&aid=0005723193,"최종건 ""종전선언 추진에 한미간 이견 없어…조만간 결과 있을 것"""
49,104,"Croatia's Marko Livaja reacts after opening goal for his team during the World Cup 2022 group H qualifying soccer match between Croatia and Russia at the Poljud stadium in Split, Croatia, Sunday, Nov. 14, 2021. (AP Photo/Darko Bandic) ",17분전,https://imgnews.pstatic.net/image/origin/077/2021/11/15/5384176.jpg?type=nf106_72,https://news.naver.com/main/read.naver?mode=LSD&mid=sec&sid1=104&oid=077&aid=0005384176,Croatia Russia WCup 2022 Soccer
50,105,"리그오브레전드 유명 챔피언(영웅 캐릭터)인 바이와 징크스가 자매였다는 설정. 어두운 지하도시 자운에서 서로 의지하며 분투하는 이들의 이야기는 흥미롭다. 오랜만에 나온 게임 소재 애니메이션 장르에 탄탄한 연출이 더해져서 티브이를 통해 그 감정을 오롯이 전달받는다. 최근 넷플릭스에서 개봉한 '아케인' 1막(1, 2, 3회)을 모두 봤다. '아케인'은 라이엇게임즈가 기획부터 완성까지 6년을 투자해 선보인 첫 번째 장편 3D 애니메이션이다. e스포츠 리그오브레전드 챔피언스 코리아(LCK)와 리그오브레전드 월드 챔피언십(롤드컵)으로 잘 알려진 게임 리그오브레전드 세계관에 바탕을 두고 있다. 리그오브레전드를 잘 모르는 사람이 '아케인'을 보면 아이들 취향 애니메이션과는 격이 다르다는 것을 알 수 있다. 리그오브레전드 후광을 떼고 봐도 수준급이다. 부유한 도시 필트오버와 누추한 자운으로 대표되는 상류사회와 하류사회의 갈등을 밀도 높은 긴장감으로 포장했다. 등장인물들이 펼치는 감정적 울림과 액션 쾌감은 게임 소재 애니메이션의 새 지평을 엿보게 한다. 리그오브레전드를 즐기는 사람에게 '아케인'은 리그오브레전드 유니버스라는 점에서 의미가 있다. 바이와 징크스 두 챔피언의 탄생 기원을 살펴볼 수 있다는 점에서 더욱 그렇다. 애니메이션은 이들의 감춰진 복잡한 사연을 서서히 풀어낸다. 그 둘을 갈라서게 하는 사건이 무엇인지 언급되는 3회에서는 절정에 이른다. 사실 게임 소재 애니메이션은 크게 인기를 끌지 못했다. 게임의 감동을 티브이와 극장 등에서 느끼기 힘든 이유에서였다. 상호작용을 강조하는 게임과 일방적인 메시지 전달에 초점을 맞춘 두 매체 간 차이 때문이다. 비록 잠깐이었지만 '아케인'은 46일 동안 넷플릭스 세계 1위를 지켜온 '오징어게임'의 독주를 저지하면서 관심을 더 하고 있다. 라이엇게임즈는 이 애니메이션을 통해 마니아 영역에 머문 게임을 대중에게 한 발짝 더 다가서게 하는 전략을 내세웠다. 바이와 징크스를 시작으로 확대재생산을 거듭할 리그오브레전드 유니버스의 끝이 어딘지 궁금하다. '아케인' 열풍은 요란한 빈 수레가 아니다. ",1시간전	,https://imgnews.pstatic.net/image/origin/629/2021/11/15/116021.jpg?type=nf106_72,https://news.naver.com/main/read.naver?mode=LSD&mid=sec&sid1=105&oid=629&aid=0000116021,[최승진의 게임카페] '아케인'은 요란한 빈 수레가 아니다
51,105,"국내 1위 온라인동영상서비스(OTT) 플랫폼인 넷플릭스의 유일한 맞수로 꼽혔던 '디즈니플러스(+)'가 지난 12일 국내 공식 서비스를 개시했다. 이날 0시부터 기다렸다는 디즈니 매니아들의 온라인 커뮤니티 후기들도 줄을 이었다. 디즈니+는 별도 셋톱박스가 필요 없는 온라인·모바일 플랫폼이다. 안드로이드·iOS 기반 모바일·태블릿 기기와 스마트 TV, 커넥티드 TV 등 다양한 방법으로 이용할 수 있다. 애플TV의 일종의 미러링 서비스인 '에어플레이'를 통해 TV나 다른 모니터로 보는 것도 가능하다. 모바일 애플리케이션(앱)에서 회원가입을 하고 월 9900원 월정액을 지불했다. 결제 전 미리 둘러보기는 불가능했다. 평소 OTT를 즐기는 방식인 IPTV를 통해 디즈니+를 이용해보기로 했다. 기존에 써 온 LG유플러스의 IPTV 메뉴를 눌러 디즈니+ 앱에 접속했다. 메뉴 화면에서는 최상단에 디즈니+가 '아이들나라', '넷플릭스', '유튜브' 등과 함께 배치돼 있었다. IPTV 이용자라면 U+ TV 셋톱박스에 내장된 크롬캐스트 기능을 활용하는 것도 가능하다. 디즈니+ 화면에서 느낀 첫 인상은 기존 OTT들에 비해 다소 밋밋하다는 느낌이었다. 첫 화면에서 자동 재생되는 메인 영상을 극도로 강조하는 전략을 쓰거나 자체적으로 독특한 콘텐츠 배치에 힘을 준 경쟁사들에 비해 다소 무난해 보였다. 화면 최상단에는 디즈니+ 최신 작품과 오리지널 시리즈 등이 강조돼 표시됐고 디즈니가 그간 강조해 홍보했던 '디즈니', '마블', '스타' 등 개별 6개 브랜드들도 바로 아래 배치됐다. 아래에는 여러 콘텐츠들이 분류돼 추천 콘텐츠로 묶였다. 디즈니+의 최대 장점인 오리지널 작품들이 많다는 점은 개인적으로 큰 장점으로 다가왔다. 특히 올해 극장가에서 높은 관객을 모았던  마블 시리즈 최신작인 '샹치와 텐 링즈의 전설'과 '블랙위도우'를 비롯해 '크루엘라'까지 2021년 작품들이 업로드돼 있었다. 아동에 특화된 키즈 시리즈는 물론 마블 시리즈부터 스타워즈 시리즈까지 추억의 SF·액션 고전을 즐기는 3040 고객을 위한 콘텐츠도 풍부했다. 오리지널 지식재산권(IP)을 활용한 '컬렉션' 시리즈도 눈길을 끌었다. 일례로 '겨울왕국 컬렉션'에 들어가자 '겨울왕국' 1,2는 물론 메이킹 영상과 인기 캐릭터 '올라프'의 번외 버전인 '올라프의 탄생', '올라프의 겨울왕국 어드벤처' 등을 볼 수 있었다. '어벤져스 컬렉션'에서는 '슈퍼히어로 군단의 비밀' 등 마블 스튜디오를 조명한 다큐멘터리와 어벤져스 영화의 애니메이션 버전을 감상할 수 있다. 다양한 형태로 오리지널 작품을 즐기고 싶은 마니아들에게 적격일 듯했다. 다만 한국 콘텐츠가 넷플릭스나 국내 OTT인 웨이브, 티빙, 왓챠 등에 비해 현저히 부족했다. 드라마, 예능을 포함해 한국 콘텐츠는 총 17편에 그쳤다. 디즈니+ 한국 개시와 동시에 공개된 인기 예능 '런닝맨' 스핀오프 버전인 '런닝맨: 뛰는 놈 위에 노는 놈'이 유일한 오리지널 작품일 정도로 오리지널 경쟁력도 부족했다. 디즈니+는 앞으로 강풀 웹툰 원작의 히어로물 '무빙' 등을 비롯해 다수 작품을 선보일 계획이지만 국내 콘텐츠를 선호하는 고객이라면 '불호'일 가능성이 높아 보였다. 디즈니+는 서비스 개시 전부터 개별 국가 맞춤형 UI·UX를 강조했지만 까다로운 국내 소비자들을 사로잡기엔 아직 역부족인 듯했다. 자막과 오디오 설정 등에서도 국내 소비자 입장에서는 더 미세한 커스터마이징(맞춤화)이 필요해 보였다. 자막 크기나 폰트 설정 변경이 불가능했다. 한국어 외에도 다양한 언어로 음성·자막이 지원된다는 점은 긍정적이나 세부 디테일 측면에서는 추가적인 개선이 필요할 듯하다. 무엇보다 가장 큰 문제는 모바일 앱에서 19세 콘텐츠 접속을 위한 성인인증에서 PIN 번호 입력이 불가능한 오류였다. 13일 아침 고객센터에 전화를 통해 문의했지만 이틀이 지난 현재까지 별도 답변은 받지 못했다. 이는 디즈니+ 모바일 앱 리뷰에서도 복수의 소비자들이 불만을 제기한 부분으로 이날까지도 다수의 고객들이 비슷한 불만을 제기하고 있는 것으로 확인됐다. 다만 온라인 웹사이트에서 성인인증을 시도하자 바로 문제가 해결됐다. 디즈니+는 원칙적으로 매년 성인인증을 진행한다는 방침이다. 서비스 이용 가격은 월정액 9900원으로 연간 기준으로는 9만9000원이다. 연 기준으로는 15% 할인된 수준이다. 최대 4개 기기까지 동시 접속이 가능한 만큼 가족들이 함께 써도 괜찮을 듯했다. 프로필도 총 7개까지 세분화해 볼 수 있다. 경쟁사들에 비해 비싼 편은 아니라고 생각되는 만큼 이용할 가치가 있어 보였다. ",1시간전	,https://imgnews.pstatic.net/image/origin/277/2021/11/14/4999273.jpg?type=nf106_72,https://news.naver.com/main/read.naver?mode=LSD&mid=sec&sid1=105&oid=277&aid=0004999273,[디즈니+ 써보니] IP 왕국의 품격…서비스 오류는 개선 필요
52,105,황희 문화체육관광부 장관이 14일(현지시간) 프랑스 파리 한류 팬 아지트 '킥(KICK)' 카페에서 한류 팬과 '2021 월드 K팝 콘서트'를 관람했다. 카페 이름 킥은 '멋진 아이들을 위한 케이팝(K-pop IS for Cool Kids)' 약자다. 황 장관은 K팝 콘서트를 보기 위해 모인 팬들에게 선물을 전달했다. 또 현지 한류 팬과 한국에서 열리는 2021 월드 K팝 콘서트에 랜선 관객으로 참여해 인사말을 했다. 한편 문체부와 한국국제문화교류진흥원은 14일 오후 7시 경기도 고양 킨텍스에서 2021 월드 K팝 콘서트를 개최했다. 코로나19 팬데믹 이후 첫 대규모 오프라인 콘서트다. ,1시간전	,https://imgnews.pstatic.net/image/origin/030/2021/11/14/2981873.jpg?type=nf106_72,https://news.naver.com/main/read.naver?mode=LSD&mid=sec&sid1=105&oid=030&aid=0002981873,"황희 장관, 프랑스 파리서 한류 팬과 K팝 콘서트 관람"
53,105,애플인사이더는 13일(현지시간) 공급망 관련 취재를 토대로 애플이 2022년 3분기에 에어팟 프로 차기 모델을 출시할 전망이라고 보도했다. 그 동안 에어팟 프로 후속 모델 출시 관련 루머 중 가장 유력하게 받아들여졌던 것은 애플 전문가 궈밍치의 전망이었다. 하지만 애플 인사이더는 애플 부품 공급업체 취재를 토대로 에어팟 프로2 출시는 내년 3분기 출시가 유력하다고 전했다. ,2시간전	,https://imgnews.pstatic.net/image/origin/092/2021/11/14/2239117.jpg?type=nf106_72,https://news.naver.com/main/read.naver?mode=LSD&mid=sec&sid1=105&oid=092&aid=0002239117,"""에어팟 프로2, 내년 3분기 출시 유력"""
54,105,"화석은 생물 진화의 증거이면서 동시에 멸종의 증거이기도 하다. 매머드, 마스토돈 등 지금은 볼 수 없는 동물의 흔적을 담은 기묘한 화석들이 18세기에 발견되면서 인류는 비로소 ‘멸종(extinction)’을 이해하기 시작했다. 모든 생물이 언젠가는 죽듯이 그들의 종족(집안)도 언젠가는 대가 끊기고 지구상에서 사라진다는 것이다. 일반적으로 한 종은 평균적으로 300만~1000만년 후에 자연스럽게 멸종한다고 알려져 있다. ‘대멸종(mass extinction)’은 여러 종류의 생물이 광범위하고 빠르게 사라지는 현상이다. 1980년대 초, 미국의 고생물학자 셉코스키와 라웁은 그때까지 알려졌던 모든 해양생물 화석들을 ‘과(family)’ 수준에서 통계적으로 분석한 결과, 캄브리아기 이후 많은 집단이 도드라지게 사라진 ‘5대 대멸종’이 존재한다는 점을 발견했다. 바로 고생대 오르도비스기 말(4억4400만년 전), 데본기 말(3억5900만년 전), 페름기 말(2억5200만년 전), 중생대 트라이아스기 말(2억200만년 전), 마지막으로 백악기 말(6600만년 전)에 대멸종이 있었던 것이다. 화석을 통해 알아낸 대멸종은 ‘지질학적으로 짧은 시간 동안’ 70% 이상의 생물종이 완전히 없어진 사건들이었다. 짧은 시간이란 10만~200만년이고, 최대 대멸종은 95%의 생물종이 사라진 페름기 말이었다. 대멸종의 주된 원인으로는 운석 충돌, 기후변화, 초대륙의 형성, 대규모 화산활동 등이 거론돼왔으나 백악기 말 운석 충돌을 제외하고는 그 원인이 한두 개로 압축되지 않는다. 5대 대멸종은 지구 내외부의 복합적 요인에 의해 일어난 자연스러운 생태계 격변 현상이었다고 할 수 있다. 대멸종 직후의 모습은 흔히 시체가 나뒹구는 찰나로 그려지곤 하지만 실제로는 눈에 띄는 생물의 종류가 현저히 줄어든 쓸쓸한 풍경으로 표현되는 게 알맞다. 그런데 이 외롭고 적적한 모습인 대멸종은 누군가에게는 기회가 돼 새로운 생태계가 펼쳐졌다. 단적으로 페름기 말 대멸종 이후에는 파충류가 세상을 지배하게 되고, 백악기 말 대멸종 이후에는 포유류의 세상이 왔다. 이 두 집단 모두 대멸종 전에는 기를 펴지 못하고 숨죽이며 겨우 살아가던 생물 집단이었다. 지금 우리는 여섯 번째 대멸종의 시대에 살고 있다. 지금의 대멸종은 이산화탄소 대량 방출과 서식지 파괴, 환경오염, 남획, 외래종 유입 등 하나의 생물종인 인간의 활동이 명백한 원인이라는 점에서 과거 5대 대멸종과 다르다. 멸종위기종의 국제적 관리기구인 국제자연보전연맹(IUCN)은 지난 500년간 약 900종(전체의 약 1%)의 생물이 멸종했으며, 멸종위기에 처한 500종 이상의 육지 동물이 20년 이내에 사라질 것으로 예상했다. 지난 500년간의 속도라면 전체 생물의 75%가 멸종하기까지는 앞으로 3만7500년밖에 남지 않았다. 이 속도는 백악기 말 대멸종보다 최대 81배 빠르며, 특히 1980년 이후로 범위를 좁히면 165배 정도 빠르다고 한다. 약 1만년 전, 우리 조상들은 인류의 서식지 확장을 통해 이미 약 180종의 대형 포유류를 멸종시킨 전력(?)이 있다. 인류가 제6대 대멸종의 장본인으로 기록될 것인지, 아니면 그것을 막은 슬기로운 생물로 남을 것인지는 우리의 선택에 달렸다. 지질박물관에서 사라진 생물의 화석을 관찰하며 지금 멸종하고 있는 생물에 대해서도 생각해보는 가을이 되면 어떨까. ",3시간전	,https://imgnews.pstatic.net/image/origin/032/2021/11/14/3110094.jpg?type=nf106_72,https://news.naver.com/main/read.naver?mode=LSD&mid=sec&sid1=105&oid=032&aid=0003110094,"인류는 대멸종의 장본인이 될 것인가, 방패막이 될 것인가 [돌이 된 생명의 역사, 화석]"
55,105,"로켓엔진 없이도 우주선을 대기권 밖으로 내보낼 수 있는 신개념 발사 장치가 미국에서 첫 시험 가동에 성공했다. 지상에서 강력한 원심력을 생성하는 특수 설비를 만들어 ‘포환 던지기’처럼 우주선을 공중으로 쏘아올리는 기술이 가시권에 들어온 것이다. 이 기술이 상용화하면 우주로 물자를 옮기는 비용이 크게 줄어들 것으로 보인다. 지난주 미국 과학 매체 뉴아틀라스는 미국 기업 ‘스핀 론치’가 고도 100㎞ 근처인 ‘지구 준궤도’까지 로켓엔진의 힘을 빌리지 않고 우주선을 쏘아올릴 수 있는 발사 장치를 지난달 22일 처음으로 시험했다고 밝혔다. 이 장치의 작동 원리는 올림픽 종목인 포환 던지기와 비슷하다. 원 안에서 몸통을 뱅글뱅글 돌려 원심력을 최대치로 끌어올린 뒤 팔을 쭉 뻗어 금속 공을 던지는 행동을 거대한 설비 안에서 공학적으로 재현했다. 실제로 미국 뉴멕시코주에 건설된 발사 장치는 포환 던지기에서 뱅글뱅글 도는 선수의 몸통 역할을 할 회전형 막대기가 내장된 원반, 그리고 선수의 팔 역할을 할 발사관으로 구성된다. 이 장치의 전체 높이는 50.4m로 자유의 여신상(46m)보다 약간 크다. 스핀 론치는 막대기의 회전 속도를 음속의 7배에 달하는 최고 시속 8047㎞까지 끌어올릴 수 있다고 밝혔다. 맹렬하게 도는 막대기 끝에 우주선을 묶어놓았다가 잠금장치를 순간적으로 풀어 발사관을 타고 우주선이 솟구치도록 만든 것이다. 막대기를 돌리는 동력은 전기에서 얻는다. 회사 측은 앞으로 기술 수준을 높여 최대 200㎏짜리 소형 인공위성을 쏠 수 있는 대형 발사 장치를 만들 계획이다. 이 대형 발사 장치는 우주선을 준궤도를 넘어 지구 저궤도(고도 약 200~2000㎞) 이상 밀어올릴 수 있도록 성능도 높아진다. 이 기술이 상용화하면 우주에 물자를 올리는 비용이 크게 줄어들 것으로 보인다. 스핀 론치는 기존 로켓보다 연료 사용량은 4분의 1, 전체적인 발사 비용은 10분의 1로 줄어들 것으로 내다봤다. 실제로 회사 측이 상용화를 가정해 제작한 동영상을 보면 지상에서 떠오른 우주선에는 강한 지구 중력을 뿌리치기 위한 거대한 1단과 2단 로켓엔진이 없다. 대신 우주선은 발사 장치에서 얻은 원심력을 바탕으로 높은 고도까지 솟구치다 인공위성을 분리하기 직전에야 소형 로켓엔진을 점화한다. 우주선이 단출해지면 비용은 물론 비행 중 고장이나 사고의 가능성도 낮출 수 있다. 스핀 론치는 “새로운 발사 장치를 2024년에 상용화할 계획”이라고 밝혔다. 1865년 프랑스 작가 쥘 베른이 발표한 소설 <지구에서 달까지>는 지상에서 쏜 포탄으로 우주 여행을 한다는 내용을 담았다. ‘현대판 우주 대포’가 현실로 바짝 다가온 상황에서 향후 우주 개발 양상이 어떻게 달라질지 이목이 쏠린다. ",3시간전	,https://imgnews.pstatic.net/image/origin/032/2021/11/14/3110093.jpg?type=nf106_72,https://news.naver.com/main/read.naver?mode=LSD&mid=sec&sid1=105&oid=032&aid=0003110093,로켓엔진 없이 ‘포환 던지기’ 한 방에 우주까지 슝~
56,105,"5년 뒤 달에서는 신발 상자만 한 미니 로버(탐사차량) 여러 대가 월면을 굴러다니며 3차원 지도 제작에 나설 것으로 보인다. 카메라를 탑재하고 자율운행 기능을 갖춘 미니 로버들이 달 개발 속도를 높이는 첨병이 될 것이라는 기대가 나온다. 이달 초 미국 항공우주국(NASA)은 외계천체 탐사용 미니 로버의 주행 시험을 시작했다고 발표했다. 알렉스 세펠만 NASA 글렌연구센터 수석 로봇과학자는 기관 홈페이지를 통해 “달 표면 언덕을 흉내낸 경사면을 미니 로버가 기어 올라갈 수 있는지 확인했다”고 밝혔다. NASA가 ‘공동 자율 분산 로봇탐사(CADRE)’라고 이름 붙인 계획에 따라 개발된 이 미니 로버의 덩치는 리모컨으로 조종하는 모형 자동차만 하며, 바퀴 네 개가 달렸다. 바퀴 바깥쪽에는 수차를 연상케 하는 돌기가 일정한 간격을 두고 돋아 있다. 흙에 빠지지 않고, 돌멩이 같은 장애물을 넘기에 좋은 구조다. 하지만 이 미니 로버의 진짜 특징은 따로 있다. 바로 똑똑한 머리다. 우선 로버는 자율운행을 할 수 있다. 사람이 원격조종하지 않아도 미리 부여된 목표에 따라 알아서 돌아다니며 탐사를 한다. 미니 로버 여러 대가 서로 무선통신도 할 수 있다. 달과 같은 천체 표면에서 각각 목격한 정보를 공유한다는 얘기다. 로버들이 따로 수집한 정보를 한데 모아 의미 있는 정보로 만드는 초보적인 ‘집단지성’도 가능하다. NASA는 탐험에 최적화된 동체와 두뇌를 갖춘 이 미니 로버들을 달 개척 초기, 월면에 여러 대 뿌려 정찰부대처럼 운영할 계획이다. 각 로버에는 물체를 입체 영상으로 찍을 카메라를 실어 3차원 지도를 만들 예정이다. 용암 동굴 같은 험한 지형에 사람보다 먼저 들여보내 지형을 탐사하게 하고, 기지로 쓸 만한 곳이 있는지 알아보도록 할 수 있을 것으로 보인다. NASA는 “5년 안에 미니 로버들을 달 표면에 투입할 것”이라고 설명했다. ",3시간전	,https://imgnews.pstatic.net/image/origin/032/2021/11/14/3110092.jpg?type=nf106_72,https://news.naver.com/main/read.naver?mode=LSD&mid=sec&sid1=105&oid=032&aid=0003110092,"달에 가는 미니 로버 군단, 임무는 ‘지도제작’"
57,105,"지난 12일 경기도 부천에 있는 반도체 파운드리(위탁 생산) 업체 DB하이텍 생산 공장. 이날 공장 정문에는 반도체 원판인 웨이퍼와 생산에 필요한 각종 화학제품을 실은 대형 차량들이 수시로 드나들었다. 점심 시간이 되자 수백 명의 공장 직원들이 뛰다시피 구내 식당으로 향했다. 한 직원은 “요즘 라인이 연일 풀가동이라 식사도 제대로 하기 어려울 정도로 정신이 없다”고 말했다. DB하이텍은 최근 밀려드는 생산 주문에 부천과 음성(충북) 두 곳의 파운드리 공장을 100% 가동하고 있다. 내년 3분기까지 수주 물량이 차 있고, 일부는 거절을 할 정도로 주문이 밀려들고 있다. DB 하이텍 관계자는 “올 상반기에 반도체 생산량을 웨이퍼 기준 4만장 가까이 늘렸지만 생산이 수요를 따라가지 못하는 상황”이라고 말했다. 미운 오리 신세였던 DB하이텍이 글로벌 반도체 공급난에 편승해 부활하고 있다. 10년 넘게 적자를 내며 DB그룹 내에서 “매각도 어렵다”는 소리를 듣던 애물단지 신세에서 그룹의 대표 알짜 기업으로 변신하고 있는 것이다. DB하이텍은 글로벌 반도체 공급 부족 심화로 올 들어 TV·가전용 전력관리반도체(PMIC), 차량용 마이크로컨트롤러유닛 등 주력 제품 수요가 폭증하면서 창사 이래 최고 호황을 맞았다. DB하이텍은 지난 12일 “올 3분기 매출이 3284억원, 영업이익 1190억원을 기록했다”고 밝혔다. 매출과 영업이익 모두 분기 최고 실적이다. 3분기 영업이익률(36%)도 역대 분기 중 가장 높았다. DB하이텍은 올해 처음으로 연 매출이 1조원을 넘어설 전망이다. DB하이텍은 오랫동안 DB그룹의 아픈 손가락이었다. DB하이텍은 지난 2002년 아남반도체를 인수하며 반도체 파운드리 시장에 뛰어들었지만 가시밭길의 연속이었다. 닷컴 버블 붕괴 여파로 반도체 불황이 닥치면서 초반 10년간 매년 2000억~3000억원의 적자가 이어졌고, 한때 누적 적자가 3조원을 넘었다. 김준기 전 동부그룹 회장이 DB하이텍에 사재 3500억원을 출연하며 회사 명맥을 어렵게 이어가야 했다. DB하이텍은 지난 2015년 반도체 업계 호황에 힘입어 흑자 전환에 성공하며 반등하기 시작했다. 벌어들인 돈을 R&D(연구개발)에 투자해 미국 반도체 기업 출신 개발 인력들을 대거 채용했다. 제품군도 전력반도체뿐 아니라 스마트폰·자동차·CCTV용 이미지센서, OLED(유기발광다이오드) TV용 디스플레이 구동칩 등 다양한 분야로 확대했다. 지난해 미국이 중국 최대 파운드리 업체인 SMIC에 미국 생산 장비를 쓰지 못하도록 제재를 가하자 중국 기업들의 주문이 몰리면서 중국 고객사가 150곳까지 늘어났다. 반도체 업계 관계자는 “그동안 전력반도체 같은 구형 아날로그 반도체는 상대적으로 수익성이 낮아 TSMC와 같은 대기업에선 거의 생산하지 않았다”면서 “전기차 전환으로 차량용 칩 부족 사태가 빚어지면서 DB하이텍과 같은 수혜를 누리고 있다”고 말했다. 최근 글로벌 반도체 공급 부족 사태로 부활한 파운드리 업체는 DB하이텍뿐이 아니다. 자동차·산업장비용 전력반도체 생산 업체인 미국 마이크로칩테크놀로지는 코로나 사태 전에는 중국 업체의 저가 공세로 실적이 악화돼 기업 문을 닫을 뻔했지만 올 들어 반도체 주문이 몰리면서 기사회생하고 있다. 이 업체는 반도체 생산량이 고객 주문량의 절반에도 미치지 못하자 생산 공장을 풀가동하고 있다. 올 3분기에는 영업이익이 1년 전의 3배, 매출은 26% 증가했다. 반도체 공급 부족은 시장에서 파운드리 기업의 위상도 바꾸고 있다. 미국 중소 반도체 생산업체 ST마이크로일렉트로닉스는 최근 고객이 주문 후 90일 이내에 언제든 주문을 취소할 수 있도록 한 기존 회사 정책을 바꿔 최소 1년 동안 주문 취소·변경을 하지 않는 업체에만 반도체를 공급하기로 했다. 미 뉴욕타임스는 “세계적인 반도체 부족 현상으로 오랜 기간 ‘을’의 위치였던 구형 아날로그 반도체 업체들이 이제는 절대적인 갑의 위치에 올랐다”고 분석했다. ",4시간전	,https://imgnews.pstatic.net/image/origin/023/2021/11/14/3652950.jpg?type=nf106_72,https://news.naver.com/main/read.naver?mode=LSD&mid=sec&sid1=105&oid=023&aid=0003652950,"반도체 대란에 부활… DB하이텍, 주문 거절할 정도로 밀려든다"
58,105,"크래프톤이 신작 '배틀그라운드: 뉴스테이트'를 앞세워 '2021 지스타' 공략에 나선다. 배그: 뉴스테이트 외 다른 신작은 발표하지 않고 배그 홍보에 '올인'한다는 계획이다. 14일 크래프톤에 따르면 오는 17~21일 부산 벡스코에서 열리는 지스타에서 BTC 전시관 A02 부스에 자리를 잡고 지난 11일 글로벌 정식 출시한 신작 배그: 뉴스테이트를 선보인다. 배그 뉴스테이트는 배틀로얄 장르를 개척한 펍지 스튜디오가 직접 개발한 모바일 게임이다. PC, 콘솔 플랫폼에서 서비스 중인 ‘PUBG: 배틀그라운드’의 게임성과 세계관을 계승했다. 출시 전 5500만 사전예약을 기록하며 큰 기대를 모은 바 있다. 이 게임은 세계 200여 개국에서 한국어, 영어, 일본어, 독일어 등 총 17개 언어로 즐길 수 있다. 오리지널 맵인 트로이와 배틀그라운드의 상징적인 맵인 에란겔에서 배틀로얄 모드를 즐길 수 있다. 또 4대4 팀 데스매치, 그리고 훈련소가 마련돼 플레이의 다양성을 더했다. 크래프톤은 이번 지스타 전시관 디자인 및 구성에 배그: 뉴스테이트만의 독창적인 미래 세계관과 감수성을 더해 방문객들의 게임 경험을 한 층 더 높일 예정이다. 다양한 체험 프로그램도 준비했다. ▲게임 체험존 ▲뉴배 MBTI존 ▲이모트 댄스 챌린지존 ▲포토존 ▲굿즈숍 등이다. 일반 관람이 시작되는 18일부터는 여러 셀럽과 크리에이터가 ‘뉴배 챌린지 매치’ 및 라이브 토크 등의 이벤트 매치도 진행한다. 공식 유튜브 채널을 통해 18일부터 21일까지 매일 오전 11시 30분 생중계를 함께 진행할 예정이다. 아울러 배틀그라운드 이스포츠 최강전인 ‘펍지 글로벌 챔피언십(PUBG Global Championship) 2021’에 출전하는 한국 대표팀을 응원하는 랜선 응원전도 펼칠 계획이다. 김창한 크래프톤 대표는 ""이번 지스타 2021 참가를 통해 한국 게임 산업에 활기를 불어넣는데 국내 선도 게임사로서 역할을 충실히 하겠다""라며 ""배그 뉴스테이트를 중심으로 크래프톤만의 독보적인 크리에이티브와 기술력을 보여줄 것""이라고 말했다. ",4시간전	,https://imgnews.pstatic.net/image/origin/277/2021/11/14/4999257.jpg?type=nf106_72,https://news.naver.com/main/read.naver?mode=LSD&mid=sec&sid1=105&oid=277&aid=0004999257,"크래프톤, '배틀그라운드: 뉴스테이트'로 지스타 공략"
59,105,"일론 머스크 테슬라 CEO가 지난주 닷새 연속으로 총 69억달러(약 8조1400억원)어치의 테슬라 주식을 매각하면서 테슬라 주가가 최근 20개월 중 가장 큰 폭으로 하락했다. 머스크는 지난 12일(현지 시각) “12일 하루에 총 12억달러(약 1조4000억원) 상당의 테슬라 주식을 팔았다”고 공시했다. 머스크는 앞서 지난 8일 215만4572주의 테슬라 보통주를 주식매수선택권(스톡옵션)을 통해 사들인 뒤 이 중 93만4000주를 약 11억달러에 팔았다. 9~11일에는 총 424만주를 추가 매도했다. 스톡옵션을 행사해 매수한 주식뿐 아니라 기존 보유 주식 일부도 처분한 것이다. 머스크가 지난주 내내 주식을 대량으로 매도하자 테슬라 주가는 크게 휘청였다. 지난 4일 주당 1229.91달러로 역대 최고치를 기록한 테슬라 주가는 지난 한 주간 15.4% 하락했다. 주간 기준으로는 최근 20개월 중 가장 큰 하락 폭이다. 미 CNBC는 “코로나 사태로 인해 미 주식시장이 급락하던 작년 3월 이후 주간 기준으로 최대 하락 폭”이라고 보도했다. 머스크는 이번 주식 매각에 앞서 지난 6일 자신의 트위터에서 “테슬라 보유 지분 10%를 팔지 말지 결정해달라”며 네티즌 상대 설문조사를 진행했다. “(보유 주식의) 미실현 이익이 조세 회피 수단이 되고 있다는 지적과 관련해 많은 논의가 있다”는 설명을 달았다. 설문에는 351만9252명이 투표해, 전체 중 57.9%가 머스크의 테슬라 지분 매각에 찬성했다. ",5시간전	,https://imgnews.pstatic.net/image/origin/023/2021/11/14/3652943.jpg?type=nf106_72,https://news.naver.com/main/read.naver?mode=LSD&mid=sec&sid1=105&oid=023&aid=0003652943,"머스크 대량 매도하자, 테슬라 주가 20개월만에 최대 하락"
